year,country,count_companies,count_patents,sum_rdex,sum_capex,mean_assets,sum_sales,sum_ebitda,region
1980,Canada,11,70,184.29,3620.33,2562.47,16553.01,3842.38,North America
1980,Ireland,5,259,208.18,342.76,1218.56,7786.71,964.25,Europe
1980,Israel,1,1,0.28,0.2,10.64,5.2,1.54,Other
1980,Japan,13,1797,2467.44,4279.22,6729.26,139274.24,9129.89,Asia Pacific
1980,Netherlands,2,364,209,1717.7,12812.5,30811.01,2608.01,Europe
1980,Panama,1,20,54.39,53.21,707.51,579.51,111,North America
1980,Singapore,1,2,5.68,1.47,42.17,49.78,13.99,Asia Pacific
1980,Sweden,1,12,231.3,343,4043.68,2859.84,366.22,Europe
1980,Switzerland,1,3,0,0,63.97,0,-2.26,Europe
1980,United Kingdom,5,124,277.53,4514.18,9730.6,59162.37,9705.81,Europe
1980,United States,497,13436,23532.42,130386.08,2452.28,1313926.55,191405.68,North America
1981,Canada,10,97,245.93,4344.27,3607.26,20600.65,3903.97,North America
1981,Ireland,5,273,272.86,394.69,1324.28,8558.89,1004.05,Europe
1981,Japan,13,2333,2727.34,11771.12,9668.57,147984.6,17270.65,Asia Pacific
1981,Netherlands,2,415,1377,1597.3,12185.5,30555.01,2623.01,Europe
1981,Panama,1,25,65.52,75.09,771.24,710.88,148.5,North America
1981,Singapore,1,1,7.57,1.11,43.35,40.04,3.27,Asia Pacific
1981,Sweden,1,9,247.5,301.1,3988.4,3036.7,513.5,Europe
1981,United Kingdom,5,136,331.15,6054.38,10062,58168.88,7747.46,Europe
1981,United States,499,14543,27097.63,146150.62,2472.75,1424067.73,200204.45,North America
1982,Canada,16,96,346.41,5159.88,3069.23,23835.09,3476.36,North America
1982,Ireland,5,272,273.3,285.46,1219.76,7449.15,693.03,Europe
1982,Israel,1,1,0.54,0.64,13.84,8.18,0.71,Other
1982,Japan,16,2598,3418.93,12736.08,9006.88,174307.24,18584.03,Asia Pacific
1982,Netherlands,2,424,1399,1325.3,11509,28887,2481,Europe
1982,Panama,2,35,83.61,72.28,433.69,825.66,190.28,North America
1982,Singapore,1,3,9.09,2.22,53.69,54.16,5.64,Asia Pacific
1982,Sweden,1,12,224.1,232.1,3485.7,2760.8,428.2,Europe
1982,Switzerland,1,1,0,2.02,67.04,8.24,5.77,Europe
1982,United Kingdom,6,110,778.81,7193.62,10148.05,68081.59,8328.31,Europe
1982,United States,496,12747,29737.87,136698.81,2552.01,1368229.4,190766.22,North America
1983,Canada,14,103,423.74,4324.93,3939.6,30343.71,5111.37,North America
1983,Ireland,5,292,272,229.11,1272.61,7344.42,698.95,Europe
1983,Israel,1,1,5.02,18.71,291.54,132.07,24.69,Other
1983,Japan,14,2750,4066.16,12863.97,11829.88,197489.6,20554.08,Asia Pacific
1983,Netherlands,2,416,1261,1292,10939,26766,2509,Europe
1983,Panama,2,30,99.76,86.3,507.12,884.64,213.06,North America
1983,Singapore,1,2,10.33,7.06,90,67.31,3.92,Asia Pacific
1983,Sweden,2,25,543.3,507,5180.95,15380.3,1139.8,Europe
1983,Switzerland,1,2,0,2.38,61.88,8.54,5.15,Europe
1983,United Kingdom,10,164,899.06,6447.11,6560.5,79435.66,10423.28,Europe
1983,United States,514,12794,32351.98,117893.03,2926.94,1429531.96,218702.94,North America
1984,Canada,22,137,423.74,3453.85,2404.59,30110.51,5665.71,North America
1984,Ireland,5,371,287.35,281.87,1323.94,8465.89,1051.95,Europe
1984,Israel,1,3,7.47,16.99,306.17,147.62,-10.84,Other
1984,Japan,17,3810,4706.74,7922.61,7724.17,190497.06,17008.51,Asia Pacific
1984,Netherlands,4,576,1389.07,1779.15,6337.51,32316.95,3171.84,Europe
1984,Panama,1,24,117.16,82.03,1093.11,916.46,204.43,North America
1984,Singapore,1,3,13.68,7.03,115.39,119.64,25.38,Asia Pacific
1984,Sweden,4,56,667,800.54,3987.27,18886.38,1938.67,Europe
1984,Switzerland,1,2,0,0.54,53.64,16.14,7.53,Europe
1984,United Kingdom,9,195,1109.21,8227.66,8572.77,84537.94,13945.28,Europe
1984,United States,573,14986,39912.88,124739.61,2556.06,1502466.38,229723.49,North America
1985,Canada,18,177,529.82,3231.66,2671.31,26039.08,5032.53,North America
1985,France,1,141,393.61,480.58,7036.95,4343.52,287.04,Europe
1985,Ireland,5,392,318.86,319.92,1593.11,9298.13,1113.99,Europe
1985,Israel,2,3,12.84,13.43,177.22,215.27,-59.13,Other
1985,Japan,17,4450,7990.45,77312.86,13938.78,290689.69,33787.5,Asia Pacific
1985,Netherlands,4,619,1955.22,2785.92,8041.32,43889.51,4215.66,Europe
1985,Norway,1,5,50.39,835.85,6023.08,5529.64,921.32,Europe
1985,Panama,1,36,127.71,55.22,1226.34,948.55,217.31,North America
1985,Singapore,1,1,18.89,11.89,114.78,125.1,0.12,Asia Pacific
1985,South Africa,1,3,0,1.71,2.97,1.41,-0.06,Other
1985,Sweden,4,63,857.5,1237.3,4990.5,23589.16,2244.49,Europe
1985,Switzerland,1,7,0,848.48,12226.2,20496,2740.62,Europe
1985,United Kingdom,12,273,1829.37,10598.35,9199.42,113933.07,19496.77,Europe
1985,United States,582,15483,38273.8,126628.2,2470.54,1444915.27,220681.96,North America
1986,Canada,18,162,721.38,3976.71,3391.41,30309.25,7456.73,North America
1986,Finland,1,3,4.6,10.55,301.17,248.64,29.56,Europe
1986,France,2,103,1016.22,1316.49,8847.05,13915.37,1404.46,Europe
1986,Ireland,5,350,331.65,434.87,1641.87,10814.26,1247.66,Europe
1986,Israel,3,16,17.27,13.09,132.79,304.64,7.2,Other
1986,Italy,1,1,168,762,13678,10066,1016,Europe
1986,Japan,17,4642,10626.11,21545.48,17697.56,333850.49,36386.06,Asia Pacific
1986,Netherlands,4,632,2571.8,3208.68,11029.62,50076.26,5141.66,Europe
1986,Norway,1,6,83.89,1438.54,8601.01,7687.19,810.95,Europe
1986,Panama,2,47,143.02,57.4,633.82,997,270.64,North America
1986,Singapore,1,3,11.04,1.46,90.32,64.77,-3.36,Asia Pacific
1986,Sweden,4,79,1106.33,2203.66,6583.48,28078.42,2731.87,Europe
1986,Switzerland,2,14,0,949.92,7790.71,23578.31,2991.81,Europe
1986,United Kingdom,13,296,2587.58,12590.37,9819.04,113159.03,20968.02,Europe
1986,United States,620,13778,41281.89,116198.22,2486.15,1435108.19,214105.48,North America
1987,Belgium,1,49,0,0,NaN,0,0,Europe
1987,Canada,22,198,774.19,4372.77,3115.43,47154.11,8633.94,North America
1987,Finland,1,8,9.06,20.62,418.97,355.31,36.45,Europe
1987,France,2,112,1268.85,1371.52,10852.63,17275.16,1785.4,Europe
1987,Ireland,5,421,317.1,438.72,1719.12,10690.58,1421.77,Europe
1987,Israel,2,23,14.42,15.04,176.6,270.8,21.69,Other
1987,Italy,1,5,215,819,17880,11090,1381,Europe
1987,Japan,154,11227,21252.16,27479.27,6341.64,995300.65,68478.99,Asia Pacific
1987,Luxembourg,1,6,0,27.8,2141.4,488.7,42.4,Europe
1987,Netherlands,4,837,3349.58,4243.75,11909.1,60647.86,6338.49,Europe
1987,Norway,1,4,106.13,1271.12,9721.97,8764.08,1230.6,Europe
1987,Panama,1,41,175.12,84.3,1144.6,1129.2,337.7,North America
1987,Singapore,1,2,9.02,1.1,83.98,66.86,0.44,Asia Pacific
1987,South Africa,1,1,0,1.65,5.68,2.14,-0.59,Other
1987,Sweden,4,115,1456.88,1730.13,7907.82,36535.41,3366.22,Europe
1987,Switzerland,3,26,0,1249.44,6607.53,27728.78,3802.13,Europe
1987,United Kingdom,14,385,3506.21,14127.74,11199.78,138669.23,25391.2,Europe
1987,United States,699,15608,46453.6,108037.42,2402.15,1590815.59,244009.21,North America
1988,Antigua and Barbuda,1,5,0,7.41,110.87,91.42,12.71,North America
1988,Australia,1,1,3.89,4.81,98.74,219.25,19.28,Asia Pacific
1988,Belgium,1,66,0,0,588,0,120.65,Europe
1988,Canada,18,161,892.37,5657.91,4136.47,49680.64,10307.32,North America
1988,Finland,1,4,11.01,17.21,486.59,380.56,36.18,Europe
1988,France,2,126,1110.18,1510.86,14635.23,18311.46,4160.8,Europe
1988,Germany,1,95,2675.14,3623.06,29283.89,42651.71,3032.65,Europe
1988,Ireland,6,422,358.38,586.83,1630.32,12324.96,1617.95,Europe
1988,Israel,2,10,16.48,18.98,202.4,329.21,35.75,Other
1988,Italy,1,21,310,779,14642,10267,1898,Europe
1988,Japan,163,11109,22939.27,30858.41,6697.22,1088266.41,86313.87,Asia Pacific
1988,Luxembourg,1,6,0,0,NaN,0,0,Europe
1988,Netherlands,5,707,3147.72,3838,9447.57,56849.8,6038.93,Europe
1988,Norway,2,13,144.99,1072.6,5451.95,9539.89,1670.55,Europe
1988,Panama,1,42,217.9,111.5,1443.7,1271.5,381.1,North America
1988,Singapore,1,4,8.97,1.73,90.91,83.5,9.9,Asia Pacific
1988,South Africa,1,1,0,1.81,7.29,3.26,-0.77,Other
1988,Sweden,4,85,1517.93,1940.14,8195.95,36031.5,3545.15,Europe
1988,Switzerland,2,26,0,1304.67,11069.22,27142.26,3727.18,Europe
1988,United Kingdom,22,434,4084.46,16927.7,7733.44,154820.23,29428.5,Europe
1988,United States,723,14544,48244.74,125126.76,3179.29,1764336.46,292290.14,North America
1989,Antigua and Barbuda,1,12,0,3.16,118.33,98,14.63,North America
1989,Australia,2,61,3.03,0,2326.27,2111.06,558.68,Asia Pacific
1989,Belgium,2,106,0,0,986.06,723.74,228.84,Europe
1989,Canada,21,192,1206.6,8704.18,4410.37,49844.85,11979.95,North America
1989,Denmark,2,15,0,0,489.8,1039.69,489.03,Europe
1989,Finland,3,47,300.15,28.79,3002.89,8563.78,616.41,Europe
1989,France,15,427,4430.64,1999.07,9401.1,131445.88,17380.26,Europe
1989,Germany,21,2641,12795.56,4311.4,9942.25,265969.54,27774.15,Europe
1989,Ireland,7,498,392.97,620.29,1496.01,13800.76,1794.52,Europe
1989,Israel,6,27,64.71,40.36,160.77,857.71,94.82,Other
1989,Italy,3,55,1043.68,676,24324.58,46977.35,7885.95,Europe
1989,Japan,170,13812,23370.47,38647.83,6500.56,1058784.23,88116.29,Asia Pacific
1989,Luxembourg,1,7,0,0,NaN,0,0,Europe
1989,Netherlands,8,976,3545.93,4203.84,8030.98,76240.51,8487.54,Europe
1989,New Zealand,1,3,0,0,224.17,296.83,23.34,Asia Pacific
1989,Norway,3,13,166.8,1332.14,3688.09,10522.98,1741.4,Europe
1989,Panama,1,39,245.2,143.1,1440.2,1349.4,388.1,North America
1989,Singapore,1,6,10.15,2.58,95.42,96.47,9.29,Asia Pacific
1989,South Africa,1,2,0,0.4,6.17,3.84,-1.32,Other
1989,Sweden,6,122,1984.47,2691.28,7180.71,44805.67,4822.64,Europe
1989,Switzerland,6,262,497.56,1587.21,8350.25,53255.49,8203.09,Europe
1989,United Kingdom,26,702,5443.25,19156.21,8896.58,213766.77,38802.15,Europe
1989,United States,771,17913,54160.81,137884.98,3442.64,1918685.01,314032.65,North America
1990,Antigua and Barbuda,1,2,0,4.58,118.64,105.35,15.74,North America
1990,Australia,2,39,6.01,240.13,2698.78,3120.35,633.15,Asia Pacific
1990,Belgium,2,81,0,0,1159.38,879.64,248.69,Europe
1990,Canada,25,185,1273.94,9257.38,3857.81,51396.39,11168.78,North America
1990,China,1,2,0.05,0.03,1.6,2.12,-0.33,Asia Pacific
1990,Denmark,3,18,206.85,225.76,1127.14,2776.37,886.16,Europe
1990,Finland,3,45,339.28,31.97,3154.9,9361.09,631.33,Europe
1990,France,16,421,5624.91,2814.43,11084.46,153744.18,18476.34,Europe
1990,Germany,22,2524,16864.16,4770.19,11683.7,315305.54,30963.19,Europe
1990,"Hong Kong, SAR China",1,3,0,0,196.57,151.79,39.33,Asia Pacific
1990,Ireland,8,520,419.44,633.74,1900.27,14750.45,1832.22,Europe
1990,Israel,5,27,86.64,50.01,252.34,1195.41,139.9,Other
1990,Italy,3,31,1370.71,1380.9,31722.25,65440.02,10045.93,Europe
1990,Japan,183,13539,29929.47,49895.19,7450.42,1317185.2,100052.29,Asia Pacific
1990,Luxembourg,1,3,0,0,NaN,0,0,Europe
1990,Netherlands,8,886,3926.06,4292.35,9176.61,87531.91,9902.78,Europe
1990,New Zealand,1,3,0,0,245.16,295.84,34.51,Asia Pacific
1990,Norway,1,14,175.85,951.51,11996.67,10389.63,1817.32,Europe
1990,Panama,1,37,270.8,144,1786.5,1521,455.7,North America
1990,Singapore,1,1,10.61,2.4,97.18,102.81,11.31,Asia Pacific
1990,Spain,1,1,62,7533,34390,9048,4490,Europe
1990,Sweden,6,117,2463.96,2423.56,8199.45,47229.5,4240.66,Europe
1990,Switzerland,8,327,1762.75,1987.51,9410.85,63051.45,8516.73,Europe
1990,United Kingdom,31,782,7485.3,21707.11,8947.13,273764.47,43322.96,Europe
1990,United States,756,16790,60272.84,147557.74,3180.6,1991435.42,314163.03,North America
1991,Antigua and Barbuda,1,3,0,4.51,121.26,104.61,15.53,North America
1991,Australia,1,51,0,148.06,2110.32,508.81,143.2,Asia Pacific
1991,Belgium,2,101,0,0,1254.27,984.81,247.62,Europe
1991,Bermuda,2,2,0,354.56,800.41,625.07,158.71,North America
1991,Brazil,2,22,33.71,0,13948.48,7596.83,2330.67,Other
1991,Canada,29,223,1356.79,6754.74,3106.46,47118.5,7447.88,North America
1991,Denmark,3,42,227.78,274.51,1244.96,2954.52,977.04,Europe
1991,Finland,4,53,259.56,15.05,3693.12,9287.28,641.55,Europe
1991,France,15,442,6105.41,3555.09,12307.03,157256.32,18916.75,Europe
1991,Germany,22,2430,15235.38,5404.65,12367.85,336018.52,31019.33,Europe
1991,"Hong Kong, SAR China",1,8,0,0,227.63,167.31,41.78,Asia Pacific
1991,Ireland,9,576,448.91,617.41,1793.88,17953.58,2080.8,Europe
1991,Israel,3,15,61.2,47.2,329.97,921.12,119.38,Other
1991,Italy,3,34,1530.58,921.59,33274.46,65465.13,9713.58,Europe
1991,Japan,190,14598,34068.6,58582.34,7837.4,1406186.32,96167.85,Asia Pacific
1991,Luxembourg,1,3,0,0,NaN,0,0,Europe
1991,Mexico,1,1,0,0,3911.23,1733.84,427.11,North America
1991,Netherlands,7,950,3127.72,2014.88,10957.95,90412.29,6531.62,Europe
1991,New Zealand,1,4,0,0,208.44,276.62,30.55,Asia Pacific
1991,Norway,3,21,243.22,185,4478.05,11158.15,1775.72,Europe
1991,Panama,1,29,315.6,247.7,2272.8,1816.9,563.8,North America
1991,Singapore,1,1,14.3,3.8,92.92,100.19,3.52,Asia Pacific
1991,Spain,1,1,100,6428,38750,11117,5111,Europe
1991,Sweden,7,128,2774.95,2105.98,7571.66,46893.63,3441.6,Europe
1991,Switzerland,8,317,1735.42,2067.69,9864.31,64903.74,8973.6,Europe
1991,United Kingdom,31,1037,7569.21,20929.48,9168.37,259828.48,39944.39,Europe
1991,United States,811,18626,62124.59,152847.49,3524.73,2078557.05,306958.2,North America
1992,Antigua and Barbuda,1,4,0,9.15,126.11,114.67,18.57,North America
1992,Australia,1,41,0,133.12,1955.8,492.43,337.75,Asia Pacific
1992,Belgium,2,79,0,0,1225.12,997.27,236.7,Europe
1992,Bermuda,1,3,0,49.25,309.43,286.27,48.42,North America
1992,Brazil,2,20,45.37,0,14817.71,7954.52,2126.8,Other
1992,Canada,27,224,1182.29,5876.73,3512.39,44283.15,7980.81,North America
1992,Denmark,3,42,243.37,352.27,1349.64,3370.82,1222.17,Europe
1992,Finland,4,59,237.34,6.26,3130.95,8214.67,757.28,Europe
1992,France,16,518,6025.3,2884.53,11135.38,149779.47,18869.98,Europe
1992,Germany,22,2452,16043.59,0,12893.35,341690.23,28394.01,Europe
1992,"Hong Kong, SAR China",1,5,0,0,348.92,191.23,48.74,Asia Pacific
1992,Ireland,10,616,579.93,722.68,1754.62,19816.41,2219.02,Europe
1992,Israel,4,18,51.93,45.76,242.21,779.26,147.31,Other
1992,Italy,4,29,674.45,1122.77,22001.13,52107.2,7352.68,Europe
1992,Japan,198,15691,38818.65,57244.66,8607.02,1608812.93,94947.1,Asia Pacific
1992,Luxembourg,1,5,0,33.13,929.09,957.47,124.74,Europe
1992,Mexico,1,3,0,0,1019.66,994.71,124.56,North America
1992,Netherlands,9,776,2889.64,2585.39,8241.36,88897.72,5328.87,Europe
1992,New Zealand,1,1,0,0,206.17,318.12,34.09,Asia Pacific
1992,Norway,2,15,196.17,1083.63,6400.98,9196.12,1467.66,Europe
1992,Panama,1,38,374.4,340.8,2809.1,2085,612.1,North America
1992,Singapore,1,5,13.89,3.6,83.94,94.96,-4.78,Asia Pacific
1992,South Korea,1,1,104.6,1622.1,15690.4,8251.2,2466.1,Asia Pacific
1992,Sweden,7,132,2291.7,1612.98,6383.5,38053.76,1859.19,Europe
1992,Switzerland,9,339,3019.52,2198.99,8939.32,65938.63,10050.06,Europe
1992,Taiwan,1,5,23.02,0,489.6,261.34,53.83,Asia Pacific
1992,United Kingdom,31,928,7077.24,19929.18,9888.66,242981.1,32304.9,Europe
1992,United States,907,19761,69480.98,150525.68,2958.59,2076800.07,315809.68,North America
1993,Antigua and Barbuda,1,4,0,13.17,133.61,121.83,21.49,North America
1993,Australia,3,55,56.84,2282.68,7581.26,12719.98,2895.42,Asia Pacific
1993,Belgium,3,110,333.37,0,3238.85,7603.87,770.72,Europe
1993,Bermuda,1,1,0,29.21,426.82,352.04,50.14,North America
1993,Brazil,3,22,182.67,0,17507.54,19677.67,4180.57,Other
1993,Canada,28,187,1389.11,7018.31,3653.37,48333.09,10194.06,North America
1993,China,1,1,0.44,0.02,5.33,0.06,-0.84,Asia Pacific
1993,Denmark,3,50,257.66,390.2,1345.21,3265.19,1136.15,Europe
1993,Finland,4,35,335.02,209.47,2869.81,9068.83,1199.94,Europe
1993,France,18,497,6849.81,7179.12,13953.94,194394.07,20716.5,Europe
1993,Germany,22,2349,14145.15,4903.38,12474.67,305857.87,21240.52,Europe
1993,"Hong Kong, SAR China",1,4,0,54.2,527.77,195,51.95,Asia Pacific
1993,Ireland,9,545,727.84,891.44,1656.88,19860.3,2315.67,Europe
1993,Israel,5,14,123.46,85.43,432.23,2155.47,303.56,Other
1993,Italy,5,44,474.22,670.85,26150.04,79742.11,12772.27,Europe
1993,Japan,199,16274,41901.2,56815.1,9536.2,1753237.12,92652.11,Asia Pacific
1993,Luxembourg,1,4,0,29.61,1226.15,1013.35,121.44,Europe
1993,Netherlands,9,704,2553.27,2116.28,7701.05,83221.84,5137.51,Europe
1993,New Zealand,1,5,0,25.51,234.39,376.34,46.12,Asia Pacific
1993,Norway,3,20,192.15,1106.24,4110.39,9194.36,1520.57,Europe
1993,Panama,1,36,404.4,197.9,2960.7,2123,627.8,North America
1993,Singapore,1,3,16.94,4.4,105.28,140.88,17.34,Asia Pacific
1993,South Korea,6,465,0,0,5560.63,30223.21,2712.52,Asia Pacific
1993,Spain,1,1,97,2619,28654,9294,4435,Europe
1993,Sweden,6,115,2203.61,1631.24,7130.45,41355.86,2984.41,Europe
1993,Switzerland,11,580,3535,3603.45,7842.79,71873.3,11557.31,Europe
1993,Taiwan,1,10,37.84,0,567.72,380.64,103.23,Asia Pacific
1993,United Kingdom,30,921,6024.22,16720.13,7592.8,210091.56,29935.21,Europe
1993,United States,962,21079,70457.46,157578.95,3548.78,2265817.99,357297.71,North America
1994,Antigua and Barbuda,1,3,0,12.37,156.87,142.95,24.68,North America
1994,Australia,3,49,103.24,3044.5,9396.6,17334.26,3770.46,Asia Pacific
1994,Belgium,3,134,360.95,129.94,3657.17,9338.11,1358.77,Europe
1994,Brazil,2,14,226.56,343.57,21050.68,20974.2,2480.53,Other
1994,Canada,40,240,1528.63,5114.41,2221.47,47768.79,8887.37,North America
1994,China,2,4,1.44,1.39,13,18.02,0.22,Asia Pacific
1994,Denmark,4,57,311.7,621.38,1982.26,6219.74,1822.29,Europe
1994,Finland,3,58,444.68,713.25,4186.46,10755.51,1807.89,Europe
1994,France,20,605,8439.66,12939.54,18305.86,264807.86,38239.6,Europe
1994,Germany,23,2210,16291.59,14105.35,14153.49,370230.84,30240.72,Europe
1994,"Hong Kong, SAR China",2,10,0.36,44.6,341.02,395.38,66.53,Asia Pacific
1994,Ireland,8,533,765.27,1134.66,2827.83,25302.64,3105.31,Europe
1994,Israel,6,26,110.87,73.1,322.28,1746.96,266.76,Other
1994,Italy,5,64,451.82,3701.13,27514.29,69986.63,17352.55,Europe
1994,Japan,213,16991,48762.51,69943.45,11856.95,2132948.96,141712.66,Asia Pacific
1994,Luxembourg,1,3,0,18.45,866,634.89,81.5,Europe
1994,Netherlands,9,687,3124.66,3510.19,8889.2,97243.89,7370.29,Europe
1994,New Zealand,1,3,0,40.14,477.93,501.97,75.2,Asia Pacific
1994,Norway,3,23,216.42,1152.45,5020.39,11761.37,2230.6,Europe
1994,Singapore,1,5,21.29,6.2,121.2,173.3,17.69,Asia Pacific
1994,South Korea,5,555,124,1610,8876.8,41611.69,7287.91,Asia Pacific
1994,Spain,2,4,136,4403,24163.5,25257,7837,Europe
1994,Sweden,6,152,2643.47,2539.39,8402.05,57386.6,6130.55,Europe
1994,Switzerland,11,653,4086.9,4518.95,9346.82,82530.63,13906.25,Europe
1994,Taiwan,1,48,40.75,0,1073.69,582.48,254.53,Asia Pacific
1994,United Kingdom,32,898,6767.58,15929.63,7905.6,223416.17,32644.23,Europe
1994,United States,1078,22196,76692.69,188283,3166.85,2525778.06,429874.64,North America
1995,Antigua and Barbuda,1,2,0,13.29,183.88,159.82,28.36,North America
1995,Australia,5,54,210.14,6533.44,10754.5,30248.01,7583.89,Asia Pacific
1995,Belgium,5,158,409.26,140.37,2393.01,10699.09,1738.61,Europe
1995,Brazil,2,22,249.59,422.88,23052.95,19989.69,2742.49,Other
1995,Canada,45,251,1911.38,6497.55,2325.25,55151.87,13816.63,North America
1995,China,1,3,1.94,1,19.79,11.47,-2.12,Asia Pacific
1995,Denmark,3,38,351.6,568.73,2885.76,6968.2,2085.25,Europe
1995,Finland,3,83,728.31,1358.32,5025,13909.11,2651.22,Europe
1995,France,20,580,9664.11,13804.7,19723.83,292147.2,42176.38,Europe
1995,Germany,24,2275,18442.24,15699.15,15049.16,409031.68,36205.77,Europe
1995,"Hong Kong, SAR China",1,5,0,65.86,610.49,284.78,56.07,Asia Pacific
1995,Ireland,9,576,874.2,1505.17,2708.86,28694.22,3847.09,Europe
1995,Israel,11,31,157.24,84.18,233.36,2499.81,271.25,Other
1995,Italy,7,55,425.55,4251.31,21211.19,83548.59,21033.72,Europe
1995,Japan,213,16788,39850.25,60851.93,10122.84,1885893.46,165951.33,Asia Pacific
1995,Luxembourg,1,3,0,23.98,621.44,675.21,77.09,Europe
1995,Netherlands,11,832,3568.08,5181.78,8474.94,113933.06,8886.5,Europe
1995,New Zealand,1,6,0,45.46,556.24,556.22,85.61,Asia Pacific
1995,Norway,3,26,245.19,1309.45,5506.97,14086.15,3189.85,Europe
1995,Singapore,2,5,71.92,53.92,426.13,1506.85,141.84,Asia Pacific
1995,South Korea,9,638,264.3,18503.73,12175.81,79337.79,20881.37,Asia Pacific
1995,Sweden,9,211,3701.87,4115.92,6930.81,75406.88,8109.87,Europe
1995,Switzerland,12,635,7225.71,6657.31,11560.46,125920.75,19193.84,Europe
1995,Taiwan,4,183,118.44,705.12,1127.43,2672.83,1333.32,Asia Pacific
1995,United Kingdom,32,924,7843.86,18162.36,8475.63,251629.6,36270.26,Europe
1995,United States,1178,22356,91757.33,215751.3,3105.68,2810730.75,503681.32,North America
1996,Antigua and Barbuda,1,2,0,11.73,199.63,177.06,28.69,North America
1996,Australia,6,101,261.08,7445.98,9346.1,33411.28,7281.18,Asia Pacific
1996,Belgium,4,144,392.75,152.69,2942.83,10166.58,1586.95,Europe
1996,Bermuda,1,1,0,0,5031.54,922.7,437.87,North America
1996,Brazil,2,14,219.11,0,25266.43,22019.6,2439.8,Other
1996,Canada,52,299,2509.81,7393.72,2208.58,66416.7,13058.62,North America
1996,China,2,3,5.75,3.68,43.35,147.61,6.8,Asia Pacific
1996,Denmark,5,79,401.11,632.53,1818.34,7364.74,1202.58,Europe
1996,Finland,4,102,1086.5,1894.37,6063.92,22824.28,3330.17,Europe
1996,France,26,747,11090.35,15628.51,14992.11,307920.2,42462.18,Europe
1996,Germany,25,2625,17984.11,22039.35,14544.29,395262.01,40215.98,Europe
1996,"Hong Kong, SAR China",3,8,0.4,35.57,203.34,586.02,99.8,Asia Pacific
1996,Ireland,9,577,1028.01,1335.98,2833.23,30739.89,4028.06,Europe
1996,Israel,8,34,175.36,137.83,353.19,2648.17,341.59,Other
1996,Italy,5,52,441.79,6435.05,22642.44,75118.04,13355.52,Europe
1996,Japan,223,18248,39737.61,66183.45,8551.84,1746679.97,165804.7,Asia Pacific
1996,Luxembourg,1,10,0,31.09,592.66,741.14,80.1,Europe
1996,Netherlands,12,840,3637.86,5013.16,6894.23,106934.69,7939.65,Europe
1996,New Zealand,1,6,0,49.39,527.47,542.9,88.85,Asia Pacific
1996,Norway,5,39,266.12,2946.01,4571.49,18571.45,4306.27,Europe
1996,Singapore,2,7,85.16,38.2,421.46,1689.24,46.19,Asia Pacific
1996,South Korea,10,909,206.6,24137.97,13178.56,85969.55,16817.71,Asia Pacific
1996,Spain,2,4,205,6897,29240,31855,9914,Europe
1996,Sweden,12,324,5251.58,5010.17,6209.79,78298.01,9108.67,Europe
1996,Switzerland,13,727,8558.7,7831.71,12499.5,137155.6,21071.31,Europe
1996,Taiwan,5,94,140.41,1382.21,1033.79,4238.84,1355.05,Asia Pacific
1996,United Kingdom,37,986,8662.4,20956.82,8494.76,291238.81,44999.5,Europe
1996,United States,1308,25227,97566.62,247962.78,3087.38,3052951.85,543179.74,North America
1997,Antigua and Barbuda,1,4,0,21.59,219.71,211.85,40.38,North America
1997,Australia,8,78,236.63,6639.74,6456.63,30627.89,4619.1,Asia Pacific
1997,Belgium,4,181,318.37,946.39,2773.18,9625.54,1449.61,Europe
1997,Bermuda,1,1,0,0,NaN,0,0,North America
1997,Brazil,2,10,219.87,3296.81,24755.8,22139.88,3880.28,Other
1997,Canada,61,299,2730.01,8051.85,2207.42,75034.36,15966.87,North America
1997,Cayman Islands,1,2,2.52,0.97,0,5.43,-4.2,North America
1997,China,1,2,2.49,2.5,20.71,12.47,-5.44,Asia Pacific
1997,Denmark,6,143,478.81,782.27,1084.5,5807.18,1079.84,Europe
1997,Finland,3,108,1000.66,947.01,6871.3,19400.11,3393.87,Europe
1997,France,26,796,10376.89,15685.18,13893.92,293265.13,42868.18,Europe
1997,Germany,25,2611,17913.36,39413.94,18244.38,434734.2,57750.31,Europe
1997,"Hong Kong, SAR China",3,7,0.03,53.68,230.51,671.46,134.18,Asia Pacific
1997,Iceland,1,1,0,0,NaN,0,0,Europe
1997,Ireland,9,491,1274.51,1387.69,3300.61,32536.28,4491.55,Europe
1997,Israel,11,33,231.47,129.41,297.82,3073.57,455.88,Other
1997,Italy,5,55,468.32,8002.48,25214.74,72862.14,18731.32,Europe
1997,Japan,219,18324,37747.08,63662.85,8650.49,1672176.41,164847,Asia Pacific
1997,Luxembourg,1,5,0,36.31,610.05,736.88,99.76,Europe
1997,Netherlands,14,833,3287.89,3828.6,6601.2,110561.85,9559,Europe
1997,New Zealand,1,7,0,0,NaN,0,0,Asia Pacific
1997,Norway,3,20,127,2119.59,5322.21,13718.94,2656.02,Europe
1997,Singapore,2,7,81.19,50.95,595.82,1734.86,252.51,Asia Pacific
1997,South Korea,9,1181,93.2,7193.2,9930.08,46375.57,8919.9,Asia Pacific
1997,Spain,3,3,0,7684.02,22156.07,33077,10141.96,Europe
1997,Sweden,11,341,6112.17,5591.16,14573.62,81377.4,12362.25,Europe
1997,Switzerland,15,1123,11811.5,8061.29,11640.58,138933.37,22801.18,Europe
1997,Taiwan,11,258,309.98,2880.6,1256.68,6564.18,1642.21,Asia Pacific
1997,United Kingdom,33,1099,8752.37,22458.97,9337.71,289455.27,46029.81,Europe
1997,United States,1363,26306,111030.07,272005.52,3089.34,3260238.69,594370.19,North America
1998,Antigua and Barbuda,1,7,0,24.46,251.71,234.73,44.83,North America
1998,Australia,6,38,73.68,2647.04,3956.84,14775.11,4979.13,Asia Pacific
1998,Belgium,5,223,615.93,1143.98,3371.09,15391.24,2919.91,Europe
1998,Bermuda,4,13,21.16,434.24,952.72,2268.97,520.25,North America
1998,Brazil,3,22,47.87,4656.19,15758.9,19129.47,4732.82,Other
1998,Canada,71,500,4583.06,11730.39,2224.64,95384.24,18028.19,North America
1998,Chile,1,1,0.42,5.39,242.44,184.7,48.05,Other
1998,China,2,4,4.01,1.78,33.76,105.69,11.22,Asia Pacific
1998,Denmark,6,178,648.41,593.11,1252.5,6255.73,1185.29,Europe
1998,Finland,4,218,1433.22,1008.01,6979.7,29365.84,6028.17,Europe
1998,France,26,1007,11385.12,17843.97,15035.01,306206.22,46571.84,Europe
1998,Germany,30,3541,23844.82,55129.95,20429.47,591706.54,75255.62,Europe
1998,"Hong Kong, SAR China",3,12,0,41.88,259.19,712.89,155.04,Asia Pacific
1998,Iceland,1,1,6.56,5.08,38.54,12.7,-10,Europe
1998,India,1,2,2.21,17.33,135.53,100.38,18.21,Asia Pacific
1998,Ireland,9,689,1535.49,1737.66,3789.74,37024.81,5273,Europe
1998,Israel,15,55,215.23,106.6,215.03,2487.3,356.5,Other
1998,Italy,4,81,374.94,8023.69,29086.3,69556.98,18325.87,Europe
1998,Japan,232,24516,48737.16,70987.28,9334.56,1838860.22,172957.76,Asia Pacific
1998,Luxembourg,2,19,53.21,74.64,601.32,1381.91,123.4,Europe
1998,Netherlands,13,1205,3723.21,4508.99,8312.08,110618.8,8388.21,Europe
1998,New Zealand,1,10,0,0,NaN,0,0,Asia Pacific
1998,Norway,2,18,151.7,2528.91,9175.13,13569.65,2210.78,Europe
1998,Singapore,3,33,133.86,313.56,843.07,2067.87,332.36,Asia Pacific
1998,South Korea,13,2223,241.22,17981.94,10795.66,83853.25,17561.94,Asia Pacific
1998,Spain,2,12,41.51,6472.84,38917.55,36879.59,13029.09,Europe
1998,Sweden,11,682,6455.39,5913.13,7907.78,90607.77,11330.88,Europe
1998,Switzerland,15,1354,9595.71,7853.37,12816.55,155134.45,26798.59,Europe
1998,Taiwan,12,677,504.38,2693.69,1575.56,8782.37,2025,Asia Pacific
1998,United Kingdom,42,1301,11435.12,26820.86,16106.8,354328.32,66679.42,Europe
1998,United States,1568,34926,129549.08,280806.83,3643.87,3368336.68,650318.86,North America
1999,Antigua and Barbuda,1,16,2.37,14.63,277.86,255.46,58.51,North America
1999,Australia,9,43,95.95,3469.84,3460.01,19325.44,6084.13,Asia Pacific
1999,Austria,1,65,0,0,241.31,225.29,1.44,Europe
1999,Bahamas,1,1,1.13,0.16,2.14,0.15,-3.25,North America
1999,Belgium,4,237,379.34,238.08,2922.94,9603.53,1559.98,Europe
1999,Bermuda,4,8,82.7,105.94,4389.05,4206.35,840.11,North America
1999,Brazil,3,20,32.58,3548.33,14242.67,20179.65,7043.78,Other
1999,Canada,86,645,4431.54,12588.3,2041.21,112555.13,22036.17,North America
1999,Cayman Islands,1,2,5.52,0.81,12.79,23.73,1.13,North America
1999,China,2,9,0.73,3998.28,16731.44,28716.54,3871.17,Asia Pacific
1999,Denmark,7,223,581.87,831.5,1656.23,9484.76,1690.2,Europe
1999,Finland,6,292,1963.64,1885.16,5889.22,36827.18,8088.39,Europe
1999,France,27,1172,11082.11,15582.31,17642.88,320280.59,46351.6,Europe
1999,Germany,34,3685,23186.29,69923.19,18366.42,535216.29,62709.56,Europe
1999,"Hong Kong, SAR China",3,15,17.36,52.44,345.31,1211.91,238.78,Asia Pacific
1999,Iceland,1,1,11.29,2.89,80.53,16.59,-22.05,Europe
1999,India,2,8,3.05,33.16,223.98,636.62,115.02,Asia Pacific
1999,Indonesia,1,1,0,6.85,366.48,7.98,-3.23,Asia Pacific
1999,Ireland,14,716,2170.13,3802.11,5540.97,66768.93,11383.76,Europe
1999,Israel,12,50,413,164.27,420.81,3374.14,597.76,Other
1999,Italy,7,73,329.43,10359.64,26973.85,96720.74,30732.49,Europe
1999,Japan,239,25039,74103.46,143228.33,10595.72,2135294.75,238795.8,Asia Pacific
1999,Luxembourg,2,13,62.68,92.7,616.24,1539.66,184.18,Europe
1999,Mexico,1,1,0,174.81,3300.36,2730.23,606.62,North America
1999,Netherlands,18,1279,3718.06,6752.27,7145.06,116910.16,11892.66,Europe
1999,New Zealand,1,6,7.96,33.76,459.22,415.57,72,Asia Pacific
1999,Norway,4,31,215.13,2649.28,8191.2,18089.39,3826.65,Europe
1999,Singapore,3,60,142.81,367.62,1105.58,2389.71,411.25,Asia Pacific
1999,South Africa,1,2,24.34,390.32,4016.79,3176.21,846.88,Other
1999,South Korea,13,2745,119.29,19067.14,15714.56,122422.37,27765.72,Asia Pacific
1999,Spain,2,5,0,8992.41,53191.17,50666.1,10354.9,Europe
1999,Sweden,12,893,5239.38,3427.97,6584.7,74160.33,8687.43,Europe
1999,Switzerland,17,1454,11362.84,8030.8,12904.76,163726.47,23947.2,Europe
1999,Taiwan,18,1005,779.56,4121.66,1809.89,17172.2,3969.48,Asia Pacific
1999,United Kingdom,42,1588,14431.7,27417.07,16418.65,357039.65,63663.82,Europe
1999,United States,1561,36471,130902.35,295559.75,4964.4,3813047.06,801176.62,North America
2000,Antigua and Barbuda,1,11,2.67,43.21,304.81,277.59,62.56,North America
2000,Argentina,1,1,0,1173,13242,8660,3711,Other
2000,Australia,12,35,164.2,4223.43,4976.29,36931.27,7319.01,Asia Pacific
2000,Austria,3,81,63.08,1053.86,3779.85,6366.37,867.9,Europe
2000,Bahamas,1,1,2.07,0.38,4.52,0.16,-3.7,North America
2000,Belgium,4,280,376.86,921.4,2960.19,10089.45,1716.47,Europe
2000,Bermuda,7,12,358.58,688.54,4242.84,8028.51,1791.77,North America
2000,Brazil,3,29,198.18,4193.57,17184.17,31846.74,12580.63,Other
2000,Canada,82,814,6184.38,13740.08,3036.16,144436.55,27020.87,North America
2000,Cayman Islands,2,2,0,0.09,158.71,120.48,9.3,North America
2000,China,2,10,212.45,5256.46,21007.74,39766.06,6686.52,Asia Pacific
2000,Denmark,7,193,630.23,649.25,938.96,5707.54,1146.69,Europe
2000,Finland,8,335,2644.74,2281.33,5728.72,46313.58,9624.14,Europe
2000,France,29,1322,14384.09,22031.08,21626.68,509568.71,79972.12,Europe
2000,Germany,35,4239,24238.79,69669.45,20033.02,588586.26,86341.83,Europe
2000,"Hong Kong, SAR China",2,8,2.63,70.18,526.25,1373.72,230.09,Asia Pacific
2000,Iceland,1,1,22.54,15.47,248.9,21.55,-34.85,Europe
2000,India,1,8,10.86,10.44,253.64,254.25,69.62,Asia Pacific
2000,Ireland,14,682,2647.62,3738.95,6624.98,76716.65,14916.79,Europe
2000,Israel,21,61,623.74,423.05,514.49,5502.77,665.55,Other
2000,Italy,6,71,229.59,10821.53,34150.24,107015.66,34089.96,Europe
2000,Japan,238,25496,64251.98,114654.89,8840.45,1809741.12,204162.12,Asia Pacific
2000,Luxembourg,2,5,85.22,115.06,1168.49,1914.78,248.05,Europe
2000,Mexico,2,2,0,509.81,9549.39,8533.2,2553.59,North America
2000,Netherlands,18,1377,4253.12,10179.04,45562.14,183903.96,23458.61,Europe
2000,New Zealand,1,4,8.18,21.17,384.26,403.71,78.56,Asia Pacific
2000,Norway,4,30,187.38,1940.23,9905.37,25067.06,6702.75,Europe
2000,Russian Federation,1,1,0,194.98,1101.33,535.71,226.73,Europe
2000,Singapore,3,100,182.06,1023.68,1705.48,3376.98,793.34,Asia Pacific
2000,South Africa,1,4,48.02,293.42,4208.07,3795.04,1213.02,Other
2000,South Korea,14,2476,419.58,21439.96,14533.16,129395.76,33012.9,Asia Pacific
2000,Spain,3,9,0,12865.28,51790.74,83100.67,19224.25,Europe
2000,Sweden,11,1051,5730.53,4424.97,7659.42,79002.67,9243.57,Europe
2000,Switzerland,19,1331,8392.45,10807.68,12910.44,162823.39,30883.71,Europe
2000,Taiwan,19,1707,1114.56,8439.01,2512,27798.37,9272.04,Asia Pacific
2000,Turkey,1,1,0,0,NaN,0,0,Asia Pacific
2000,United Kingdom,49,1663,16846.71,42592.15,17905.33,488941.43,82764.78,Europe
2000,United States,1658,38069,149299.02,360720.4,5946.92,4681838.5,945152.69,North America
2001,Antigua and Barbuda,1,15,2.51,27.83,310,253.67,45.7,North America
2001,Argentina,1,1,0,1296.37,13289.25,8227.79,3269.14,Other
2001,Australia,16,33,140.59,3467.54,3877.18,31243.96,8137.85,Asia Pacific
2001,Austria,1,7,33.83,132.67,3060.2,3301.49,202.11,Europe
2001,Bahamas,1,1,1.48,0.34,4.19,0.36,-2.68,North America
2001,Belgium,3,250,315.64,2561.66,4235.19,9380.22,1354.93,Europe
2001,Bermuda,3,14,135.18,31.78,1423.49,896.3,-38.9,North America
2001,Brazil,3,33,175.68,5118.76,16169.52,29284.27,10253.24,Other
2001,Canada,93,848,4369.67,16530.94,2369.44,139484.52,19734.73,North America
2001,Cayman Islands,1,8,14.41,2.3,136.42,45.82,6.09,North America
2001,China,2,14,162.09,6760.42,22187.75,38520.16,6327.92,Asia Pacific
2001,Denmark,8,200,769.49,1298.75,1636.88,10934.28,2211.61,Europe
2001,Finland,8,435,3069.9,3034.44,9093.33,62897.97,11299.68,Europe
2001,France,34,1750,14087.7,15364.24,18304.08,437948.6,64079.4,Europe
2001,Germany,37,4685,26205.54,62445.37,20576.39,584053.28,77458.9,Europe
2001,"Hong Kong, SAR China",4,15,78.1,90.87,560.85,2187.08,338.14,Asia Pacific
2001,Iceland,1,5,44.95,47.68,249.9,26.1,-47.09,Europe
2001,India,1,6,15.19,22.33,388.43,340.42,118.84,Asia Pacific
2001,Ireland,15,965,4110.45,6682.15,11584.45,99480.76,19765.8,Europe
2001,Israel,22,88,590.44,562.98,460.19,5492.51,236.58,Other
2001,Italy,6,57,191.64,12929.44,34992.49,108227.37,30584.77,Europe
2001,Japan,243,27607,65008.76,114223.56,8286.24,1748006.07,172716.9,Asia Pacific
2001,Luxembourg,2,7,100.48,103.86,946.17,1646.83,78.46,Europe
2001,Netherlands,18,1386,6538.56,9083.94,10838.37,137716.56,15615.95,Europe
2001,New Zealand,1,4,4.27,5.49,94.92,89.25,36.74,Asia Pacific
2001,Norway,2,28,92.47,2068.92,13180.89,18086.53,4259.3,Europe
2001,Russian Federation,1,2,0,396.67,1732.55,893.25,467.43,Europe
2001,Singapore,5,175,207.76,2818.68,4663.39,20433.84,1054.64,Asia Pacific
2001,South Africa,1,8,35,477,6227,5399,1722,Other
2001,South Korea,16,2568,447.5,18837.01,13435.9,141670.19,29029.49,Asia Pacific
2001,Spain,2,2,0,4544.77,32627.1,50740.04,8078.28,Europe
2001,Sweden,12,1105,5782.97,3504.69,16166.76,75108.59,6750.73,Europe
2001,Switzerland,20,1433,8608.7,9514.57,14767.83,168304.81,30221.46,Europe
2001,Taiwan,23,2090,1470.25,5637.67,2155.8,26093.57,5036.29,Asia Pacific
2001,United Kingdom,56,1867,17771.26,29022.31,14801.99,572999.52,85628.17,Europe
2001,United States,1652,40734,161809.72,343763.88,5808.33,4765301.08,811350.89,North America
2002,Antigua and Barbuda,1,8,2.32,8.58,317.67,252.53,53.18,North America
2002,Australia,12,42,146.72,3077.3,21974.65,36338.41,9280.91,Asia Pacific
2002,Austria,2,18,72.74,696.05,6154.03,6957.63,1501.4,Europe
2002,Bahamas,1,3,1.71,0.01,4.36,0.36,-3.02,North America
2002,Belgium,2,90,432.44,1196.56,10648.84,15649.72,2934.72,Europe
2002,Bermuda,4,29,170.25,30.99,1751.32,1502.23,27.41,North America
2002,Brazil,3,17,188.81,5752.09,13861.51,26874.56,9715.25,Other
2002,Canada,94,849,3513,16353.3,2890.67,150345.24,27624.84,North America
2002,Cayman Islands,1,8,18.96,4.27,145.84,70.19,12.62,North America
2002,China,3,18,223.97,13742.8,34294.48,67390.06,19908.92,Asia Pacific
2002,Denmark,7,151,1011.45,930.14,2151.02,8805.91,2041.74,Europe
2002,Finland,9,566,3732.42,4606.78,8500.43,72829.64,13265.56,Europe
2002,France,34,1785,17247.04,33693.16,21147.27,547397.55,77151.96,Europe
2002,Germany,41,4807,28844.82,67583.56,19895.87,668215.09,92546.39,Europe
2002,"Hong Kong, SAR China",3,12,14.95,77.69,566.85,2175.22,316.33,Asia Pacific
2002,Iceland,1,8,56.64,15.64,213.42,41.06,-55.12,Europe
2002,India,1,7,28.86,31.82,484.69,379.29,93.07,Asia Pacific
2002,Ireland,16,1075,4247.53,5221.7,7813.67,103306.47,16167.51,Europe
2002,Israel,23,97,595.76,510.74,508.43,5787.25,864,Other
2002,Italy,7,73,197.76,17286.92,35127.46,129536.34,35344.01,Europe
2002,Japan,240,29417,72839.47,122549.72,9159.38,1944208.5,227049.6,Asia Pacific
2002,Luxembourg,1,15,96.71,33.5,1276.82,825.62,14.38,Europe
2002,Mexico,2,4,0,519.82,9372.47,8809.54,2184.25,North America
2002,Netherlands,17,1784,7381.99,6972.15,11421.02,153621.19,7873.87,Europe
2002,New Zealand,1,16,6.39,9.12,126.76,115.5,45.63,Asia Pacific
2002,Norway,6,33,354.46,6996.94,12693.13,67164.87,15224.85,Europe
2002,Russian Federation,1,1,0,502.05,2283.3,1361.76,674.05,Europe
2002,Saudi Arabia,1,7,0,1472.22,26461.19,9078.82,1534.33,Asia Pacific
2002,Singapore,5,183,205.34,2283.12,3226.66,7902.64,1360.46,Asia Pacific
2002,South Africa,1,12,34.55,764.68,6146.01,5926.66,1788.45,Other
2002,South Korea,16,2764,513.76,20460.03,16038.07,181495.63,41096.34,Asia Pacific
2002,Spain,1,4,6.29,2336.06,39910.11,38259.77,6237.53,Europe
2002,Sweden,12,1082,4972.21,3407.64,7594.02,81335.24,6819.92,Europe
2002,Switzerland,21,1520,10238.34,9499.07,12757.28,185307.29,35430.06,Europe
2002,Taiwan,40,1873,2171.48,7743.08,2176.31,57782.31,12984.18,Asia Pacific
2002,Turkey,1,2,20.72,53.86,1299.03,1625.35,189.2,Asia Pacific
2002,United Kingdom,54,2066,18602.56,40622.47,16382.57,620208.72,92762.97,Europe
2002,United States,1595,41600,155634.29,276051.33,6887.51,4590479.87,841392.23,North America
2003,Antigua and Barbuda,1,15,2.35,8.71,345.95,261.24,52.98,North America
2003,Australia,10,36,166.75,3842.81,7512.52,28975.63,6832.87,Asia Pacific
2003,Austria,1,22,50.44,150.06,3948.26,4631.74,284.99,Europe
2003,Bahamas,1,2,2.51,0,4.12,0.2,-3.93,North America
2003,Belgium,1,79,509.45,622.95,12215.53,9529.55,1361.9,Europe
2003,Bermuda,4,31,229.41,248.22,2053.08,4723.1,241.09,North America
2003,Brazil,3,26,287.01,8296.37,22191.29,37747.24,14239.9,Other
2003,Canada,86,1031,3491.47,12798.69,2628.73,146635.45,26707.59,North America
2003,Cayman Islands,1,8,19.22,1.75,169.29,88.6,15.91,North America
2003,Chile,1,1,0,55.08,1363.48,691.81,148.14,Other
2003,China,3,10,292.79,15206.58,37138.59,85623.25,25185.21,Asia Pacific
2003,Denmark,9,189,1307.06,4597.89,5678.66,45413.26,10359.77,Europe
2003,Finland,8,657,5254.01,4111.8,11381.66,94349.07,13805.18,Europe
2003,France,33,1697,18901.31,27152.58,22087.79,514182.65,78697.61,Europe
2003,Germany,39,4678,33192.24,77165.55,24731.19,769100.49,111267.26,Europe
2003,"Hong Kong, SAR China",4,17,200.99,208.14,1131.67,4776.57,675.24,Asia Pacific
2003,Iceland,1,5,19.47,0.88,183.47,46.81,-23.54,Europe
2003,India,1,8,45.89,55.66,613.35,462.7,67.42,Asia Pacific
2003,Ireland,17,1209,4175.29,3707.93,7569.71,111278.71,17062.1,Europe
2003,Israel,30,156,642.22,605.57,395.68,6566.85,1007.7,Other
2003,Italy,7,74,492.57,14616.74,29898.97,121478.36,37090.6,Europe
2003,Japan,247,30101,87432.79,130110.92,14346.87,2298237.7,298326.95,Asia Pacific
2003,Luxembourg,2,21,87.2,32.03,914.33,1713.09,120.8,Europe
2003,Netherlands,16,2013,8274.99,8625.04,14216.25,172403.8,16831.69,Europe
2003,New Zealand,1,12,9.42,6.36,149.57,143.36,58.31,Asia Pacific
2003,Norway,6,35,325.08,5859.96,11556.61,65292.86,16042.31,Europe
2003,Russian Federation,1,1,0,839.16,4225.35,2546.2,1338.51,Europe
2003,Saudi Arabia,1,9,0,2435.39,29151.04,12477.17,4702.6,Asia Pacific
2003,Singapore,5,131,237.57,638.22,2937.7,16659.11,938.02,Asia Pacific
2003,South Africa,1,8,61.38,1179.89,9041.94,8571.5,2353,Other
2003,South Korea,17,2797,768.51,28324.8,17574.63,237387.89,46351.26,Asia Pacific
2003,Spain,1,6,0,2822.99,47910.17,46868.4,7690.47,Europe
2003,Sweden,10,949,5782.04,3895.14,9976.22,89593.21,8201.25,Europe
2003,Switzerland,19,1440,12020.69,10261.07,16982.17,206516.84,37926.61,Europe
2003,Taiwan,42,1912,2577.12,9313.5,2482.95,82696.62,15722.26,Asia Pacific
2003,Turkey,1,2,25.5,78.64,1834.18,2379.15,291.42,Asia Pacific
2003,United Kingdom,55,1981,20526.84,38285.91,41445.4,716410.7,125596.09,Europe
2003,United States,1608,43368,159552.98,254874.67,7781.34,5031930.84,913819.98,North America
2004,Antigua and Barbuda,1,9,3.21,10.33,358,278.17,48.13,North America
2004,Argentina,1,2,0,963.37,10390.41,6697.21,3676.39,Other
2004,Australia,9,34,175.49,5465.65,11858.19,49486.17,15777.53,Asia Pacific
2004,Austria,1,17,55.71,260.88,4266.44,6288.25,626.38,Europe
2004,Belgium,2,58,573.19,587.72,6884.51,10823.73,1721.16,Europe
2004,Bermuda,3,39,275.35,46.43,2396.85,2366.62,475.89,North America
2004,Brazil,5,19,417.43,10260.82,17766.11,53996.16,17978.18,Other
2004,Canada,82,958,3549.72,22839.18,3755.82,195566.92,40548.65,North America
2004,Cayman Islands,1,21,20.26,8.35,185.2,92.2,15.24,North America
2004,China,7,28,718.4,20903.84,22711.22,120141.27,35494.77,Asia Pacific
2004,Denmark,9,120,1443.21,1341.95,7050.27,52656.95,11733.8,Europe
2004,Finland,7,803,5436.22,3631.97,13367.48,92245.24,13013.89,Europe
2004,France,30,1353,25217.56,37158.09,29129.76,669786.92,110889.33,Europe
2004,Germany,38,4757,35410.23,85722.65,27476.82,842321.78,126688.42,Europe
2004,"Hong Kong, SAR China",7,42,274.12,238.13,908.25,6138.05,574.96,Asia Pacific
2004,Iceland,1,6,24.94,2.69,288.25,42.13,-33.33,Europe
2004,India,3,5,80.3,279.5,1666.46,5673.36,732.74,Asia Pacific
2004,Ireland,16,1103,4274.12,3972.67,8556.69,121822.42,19345.94,Europe
2004,Israel,34,172,1430.88,684.44,494.14,9271.35,1688,Other
2004,Italy,9,87,846.62,14628.67,25437.48,146479.53,46254.9,Europe
2004,Japan,245,30740,88476.32,151747.51,14703.77,2360010.07,306680.2,Asia Pacific
2004,Luxembourg,1,16,84.74,30.99,1387.89,1171.08,114.62,Europe
2004,Mexico,2,2,0,563.74,10079.52,10486.36,2748.6,North America
2004,Netherlands,17,1856,9069.5,10941.83,14482.97,191297.34,23093.27,Europe
2004,New Zealand,1,21,11.54,11.98,164.16,171.47,70.27,Asia Pacific
2004,Norway,6,50,427.92,10198.63,15165.4,87554.2,24665.35,Europe
2004,Saudi Arabia,1,6,0,1186.67,33300.18,18267,7976.68,Asia Pacific
2004,Singapore,5,110,240.03,1292.56,3559.56,19142.14,1611.67,Asia Pacific
2004,South Africa,2,10,63.61,1822.95,6230.41,10606.13,2692.16,Other
2004,South Korea,17,3371,1052.56,42326.18,21427.34,332528.62,66260.63,Asia Pacific
2004,Spain,1,2,9.48,3238.29,52721.03,56438.57,9399.43,Europe
2004,Sweden,11,813,5881.28,6349.77,12318.6,117758.36,19917.2,Europe
2004,Switzerland,18,1264,13921.49,11551.32,15766.93,212252.51,42978.84,Europe
2004,Taiwan,46,2410,3062.32,18772.36,2868.86,117159.37,23333.04,Asia Pacific
2004,United Kingdom,51,1757,21920.21,43765.52,18370.59,801224.18,119898.57,Europe
2004,United States,1536,42747,170473.57,304391.16,9587.39,5915197.39,1114758.53,North America
2005,Antigua and Barbuda,1,10,3.6,11.98,376.93,281.35,44.33,North America
2005,Australia,10,31,250.75,5225.26,13290.94,45483.85,14644.4,Asia Pacific
2005,Austria,1,12,48.37,260.73,4063.17,5679.47,488.43,Europe
2005,Bahamas,1,2,1.83,0,3.72,0.43,-3.1,North America
2005,Belgium,3,62,643.73,757.66,4833.75,12027.71,1899.67,Europe
2005,Belize,1,1,0,7,591.9,60.7,46.6,North America
2005,Bermuda,4,69,317.18,1560.96,5335.74,8288.9,2458.46,North America
2005,Brazil,4,8,686.92,14696.49,27139.07,77130.27,26503.9,Other
2005,Canada,71,728,3468.75,24621.97,5187.2,195100.92,43233.84,North America
2005,Cayman Islands,1,23,25.42,14.87,199.66,105.55,12.33,North America
2005,China,5,21,618.77,9595.69,15320.48,107544.14,12484.64,Asia Pacific
2005,Denmark,7,108,1449.95,1114.19,2379.69,15733.54,2656.72,Europe
2005,Finland,7,607,4854.98,3278.9,11413.97,81645.46,10330.49,Europe
2005,France,28,1054,17267.41,35512.59,31975.71,592827.06,105196.43,Europe
2005,Germany,34,3932,31792.39,83910.17,29479.81,768235.09,107389.96,Europe
2005,"Hong Kong, SAR China",7,73,523.38,301.87,1760.78,20929.25,733.32,Asia Pacific
2005,Iceland,1,11,43.75,3.97,206.76,43.95,-49.12,Europe
2005,India,1,5,48.4,42.12,1546.05,545.57,61.78,Asia Pacific
2005,Ireland,15,894,5585.59,4172.88,9594.77,130217.66,19612.23,Europe
2005,Israel,24,119,861.97,549.24,772.44,9483.13,2302.97,Other
2005,Italy,7,81,659.62,4917.74,34155.91,138447.94,44732.53,Europe
2005,Japan,238,26856,84168.45,156347.34,17486.41,2308251.25,310065.21,Asia Pacific
2005,Luxembourg,5,19,73.74,1599.62,8219.84,38434.4,8140.34,Europe
2005,Netherlands,16,1309,7643.74,7692.88,15101.5,171861.61,20643.25,Europe
2005,New Zealand,2,13,11.97,168.35,1347.83,3419.98,534.89,Asia Pacific
2005,Norway,4,23,289.51,7805.79,20694.34,91756.51,27225.43,Europe
2005,Saudi Arabia,1,7,0,2025.46,36500.43,20856.35,7774.46,Asia Pacific
2005,Singapore,5,84,285.42,1032.06,1623.71,4301.17,859.24,Asia Pacific
2005,South Africa,1,13,34.05,1862.01,13197.69,10447.88,2743.06,Other
2005,South Korea,18,3330,949.04,47721.8,22514.49,347372.84,62244.36,Asia Pacific
2005,Spain,1,2,74.6,3757.47,54215.04,60447.49,10197.15,Europe
2005,Sweden,10,668,5225.34,4949.7,10246.91,99083.95,14234.99,Europe
2005,Switzerland,19,1178,14481.22,12178.53,97474.7,285247.49,90947.97,Europe
2005,Taiwan,49,2077,3907.89,21711.38,3235.66,146110.71,21932.69,Asia Pacific
2005,United Kingdom,50,1494,18883.74,36640,16019.8,608397.51,118367.46,Europe
2005,United States,1454,38459,178706.11,311924.43,9037.91,6156387.9,1132198.3,North America
2006,Antigua and Barbuda,1,11,2.44,9.27,396.1,285.19,47.17,North America
2006,Australia,14,33,330.65,9842.09,14717.16,69363.56,27542.38,Asia Pacific
2006,Austria,1,14,59.33,308.52,4840.1,7570.65,660.55,Europe
2006,Belgium,3,48,835.41,915.77,5378.09,14453.84,2424.2,Europe
2006,Bermuda,3,130,654.4,2108.1,6506.33,7952.73,2216.24,North America
2006,Brazil,2,12,1215.24,19376.39,78158.53,93569,33278.55,Other
2006,Canada,88,735,3682.4,29246.09,5610.72,239077.38,50936.45,North America
2006,Cayman Islands,1,30,31.75,23.37,197.02,124.92,0.77,North America
2006,China,7,28,859.54,11155.22,14435.92,142011.87,15801.63,Asia Pacific
2006,Denmark,8,103,1967.74,1815.49,3924.2,26756.08,4793.56,Europe
2006,Finland,9,864,5551.67,3637.81,10650.5,122710.29,16259.79,Europe
2006,France,31,1390,21382.19,44860.66,92550.48,760567.62,166113.98,Europe
2006,Germany,38,4312,35498.47,102846.74,38810.99,984763.61,129228.51,Europe
2006,"Hong Kong, SAR China",6,86,488.4,10252.54,12690.16,59894.19,20949.53,Asia Pacific
2006,Iceland,1,10,57.11,6.28,215.61,40.51,-77.88,Europe
2006,India,2,643,66.89,176.56,1378.55,2364.36,556.54,Asia Pacific
2006,Ireland,13,1054,4895.89,4983.6,11929.33,141576.9,21007.63,Europe
2006,Israel,27,147,2324.27,707.45,1025.91,13090.09,3183.02,Other
2006,Italy,7,83,570.66,13230.1,37966.39,179870.09,52611.37,Europe
2006,Japan,242,33366,90219.11,174457.3,17912.43,2544271.19,345311.32,Asia Pacific
2006,Luxembourg,4,24,227.25,3199.51,28949.09,62808.95,10460.63,Europe
2006,Mexico,1,1,0,1371.73,29973.43,18250.2,3985.46,North America
2006,Netherlands,16,1688,8475.69,8799.17,17042.04,199024.81,19648.09,Europe
2006,New Zealand,1,20,14.43,19.73,196.45,249.79,68.4,Asia Pacific
2006,Norway,6,46,446.03,13220.65,19600.21,122583.9,39373.07,Europe
2006,Saudi Arabia,1,16,0,4999.38,44411.89,23014.65,9865.47,Asia Pacific
2006,Singapore,5,96,298.05,1540.2,3930.84,23708.99,1810.55,Asia Pacific
2006,South Africa,2,8,29.46,1929.69,7498.52,9908.83,3554.67,Other
2006,South Korea,17,4610,846.11,55444.43,28281.53,401113.46,67849.87,Asia Pacific
2006,Spain,1,2,94.62,7148.82,59651.76,72689.07,11883.9,Europe
2006,Sweden,12,690,7082.7,7479.93,12572.27,138006.65,23347.72,Europe
2006,Switzerland,21,1575,17076.41,15936.49,109739.52,359987.26,133654.12,Europe
2006,Taiwan,52,2860,4698.34,21330.68,3716.39,193233.31,29614.4,Asia Pacific
2006,United Kingdom,48,1669,23953.42,46615.29,19048.53,727022.07,126665.92,Europe
2006,United States,1469,46215,209700.54,370964.8,11463.4,6959204.79,1367014.63,North America
2007,Antigua and Barbuda,1,15,2.99,22.7,443.22,305.36,43.4,North America
2007,Australia,11,37,465.87,12724.4,24807.31,81917.83,35674.42,Asia Pacific
2007,Austria,1,11,62.87,668.17,6770.84,9284.14,956.19,Europe
2007,Bahamas,1,4,2.8,0.02,4.26,0.41,-4.78,North America
2007,Belgium,3,40,941.9,1020.21,6119.19,16507.23,2763.75,Europe
2007,Bermuda,2,209,970.8,113.46,5543.9,4084.25,353.57,North America
2007,Brazil,2,13,1666.27,28374.85,102209.66,124139.72,44163.38,Other
2007,Canada,77,713,3191.76,20117.82,5027.48,159692.12,39310.78,North America
2007,Cayman Islands,1,23,34.62,8.12,228.41,165.54,30.23,North America
2007,China,8,38,1171.16,40504.22,32931.65,297149.99,55765.06,Asia Pacific
2007,Denmark,7,127,2762.96,1466.74,3644,24985.22,5094.04,Europe
2007,Finland,8,866,8681.68,3285.01,13170.01,138628.84,18382.4,Europe
2007,France,30,1257,28281.48,48732.4,33090.11,752842.47,136295.23,Europe
2007,Germany,39,3860,39930.69,99843.13,42491.37,1065167.96,171054.7,Europe
2007,"Hong Kong, SAR China",6,91,508.17,433.11,2505.18,24401.01,1147.38,Asia Pacific
2007,Iceland,1,6,53.83,3.48,156.21,40.4,-82.06,Europe
2007,India,4,573,154.21,720.66,2465.46,8649.7,2240.01,Asia Pacific
2007,Ireland,17,925,6886.73,4022.32,8193.69,129055.02,18271.9,Europe
2007,Israel,27,123,1223.48,886.63,1266.65,15165.22,3783.58,Other
2007,Italy,6,63,799.62,17668.28,49056.05,191798.64,56737.38,Europe
2007,Japan,239,30216,111135.63,210299.86,21512.7,3202651.04,431788.85,Asia Pacific
2007,Luxembourg,2,33,200.56,533.21,7976.23,10834.36,3536.26,Europe
2007,Mexico,1,1,0,1994.98,49676.56,21679.14,4334.93,North America
2007,Netherlands,15,1272,8644.65,7885.94,20032.24,198606.62,20410.19,Europe
2007,New Zealand,1,12,18.94,9.17,260.71,281.33,57.92,Asia Pacific
2007,Norway,6,27,616.94,17725.74,24654.36,143254.63,43127.07,Europe
2007,Russian Federation,1,1,10.14,661.73,4675.81,4178.64,913.08,Europe
2007,Saudi Arabia,1,18,141.35,8252.25,68523.29,33748.42,13010.21,Asia Pacific
2007,Singapore,5,90,309.01,1329.98,5476.61,32180.49,2028.71,Asia Pacific
2007,South Africa,2,14,98.04,1809.49,8815.42,14413.02,4155.16,Other
2007,South Korea,18,5014,932.12,53489.2,28615.86,441138.94,74537.07,Asia Pacific
2007,Spain,3,6,112.44,7729.29,30777.34,100071.69,16446.74,Europe
2007,Sweden,12,568,8554.46,7753.84,15218.95,158643.5,24791.55,Europe
2007,Switzerland,20,1466,21000.99,20015.64,120914.63,417228.11,155009.57,Europe
2007,Taiwan,51,2985,5117.59,22374.09,4243.54,238412.44,35375.78,Asia Pacific
2007,United Kingdom,43,1470,26552.75,58927.78,26849.49,824976.55,156267.03,Europe
2007,United States,1418,40708,221513.78,391135.91,15989.08,7678651.69,1593937.38,North America
2008,Antigua and Barbuda,1,12,3.33,41.98,372.77,301.26,37,North America
2008,Australia,11,46,644.16,17033.06,12897.79,105880.23,43570.86,Asia Pacific
2008,Austria,1,16,104.57,620.47,6731.72,9337.69,560.51,Europe
2008,Bahamas,1,2,2.17,0.01,4.07,0.43,-4.07,North America
2008,Belgium,3,26,933.29,1149.81,6347.16,15927.32,2299.59,Europe
2008,Bermuda,1,244,929.99,73.24,4414.2,2950.56,388.3,North America
2008,Brazil,2,9,1834.44,37948.2,102921.05,148688.84,45773.06,Other
2008,Canada,73,717,3365.92,16385.99,2932.34,151661.41,29142.38,North America
2008,Cayman Islands,1,41,37.42,2.41,193.27,138.82,12.63,North America
2008,China,8,83,1525.43,48935.02,38273.85,387486.18,41466.38,Asia Pacific
2008,Denmark,9,102,2779.68,13814.07,13335.02,96950.18,23228.82,Europe
2008,Finland,8,861,8848.1,4152.35,13816.44,136135.12,16191.08,Europe
2008,France,28,1212,25945.28,47577.16,32481.87,722221.47,122149.9,Europe
2008,Germany,37,3802,39905.47,93651.12,46849.65,1043479.65,141305.65,Europe
2008,"Hong Kong, SAR China",6,86,473.64,372.34,2114.61,21989.46,505.92,Asia Pacific
2008,Iceland,1,8,30.73,1.54,75.14,58.09,-47.69,Europe
2008,India,4,422,96.84,662.3,2401.26,9052.5,1528.38,Asia Pacific
2008,Ireland,15,855,5948.72,4789.79,11023.67,157605.5,24848.77,Europe
2008,Israel,21,140,2830.11,969.95,2035.62,16988.27,4111.48,Other
2008,Italy,6,79,1599.44,21698.25,49307.23,206935.12,54311.45,Europe
2008,Japan,237,30413,115215.34,207011.56,22033.38,2986700.34,296229.05,Asia Pacific
2008,Luxembourg,5,40,393.9,6313.29,37922.81,140839.8,24669.11,Europe
2008,Netherlands,18,1472,9411.81,9081.9,15966.24,204947.27,22102.1,Europe
2008,New Zealand,1,8,16.14,11.61,235.88,261.53,68.24,Asia Pacific
2008,Norway,3,36,427.8,10640.6,33209.04,108090.44,35429.67,Europe
2008,Russian Federation,1,1,0,1847.46,10448.33,10245.29,5168.53,Europe
2008,Saudi Arabia,1,10,152.94,7121.86,72773.09,40384.46,12490.35,Asia Pacific
2008,Singapore,5,97,339.48,1337.42,3807.44,35332.78,1945.54,Asia Pacific
2008,South Africa,2,11,91.68,1361.35,8707.13,16480.73,4935.58,Other
2008,South Korea,17,6268,496.08,44915.85,25951.2,381964.75,53420.94,Asia Pacific
2008,Spain,2,4,115.53,7021.46,35222.92,86006.5,11894.06,Europe
2008,Sweden,12,596,8080.47,7396.11,14718.47,139909.52,19257.68,Europe
2008,Switzerland,21,1396,23557.92,22027.2,112262.81,536932.01,106252.64,Europe
2008,Taiwan,52,3338,6612.7,18258.71,4083.91,250960.2,28395.77,Asia Pacific
2008,United Arab Emirates,1,1,0,0,NaN,0,0,Asia Pacific
2008,United Kingdom,44,1413,22391.24,58269.71,81791.48,988965.24,168009.33,Europe
2008,United States,1340,41350,229445.09,406641.36,14709.93,7595537.16,1226372.44,North America
2009,Australia,14,52,588.16,13829.45,8781.08,83706.09,21833.44,Asia Pacific
2009,Austria,1,18,114.78,441.89,6909.52,6763.18,380.2,Europe
2009,Bahamas,1,3,3.18,0,1.09,0.42,-4.9,North America
2009,Belgium,5,37,537.43,2436.77,26512.33,46662.08,13403.82,Europe
2009,Bermuda,3,325,828.18,1152.73,10397.14,9833.85,1870.31,North America
2009,Brazil,3,13,1952.12,44481.99,103192.01,125166.58,40216.09,Other
2009,Canada,68,787,2658.18,27960.42,5574.6,182035.64,46441.04,North America
2009,Cayman Islands,1,44,33.02,1.12,197.31,127.5,2.55,North America
2009,China,12,105,1951.95,55821.28,30987.59,368236.92,58025.25,Asia Pacific
2009,Denmark,8,104,2649.83,10340.24,12393.03,80521.91,16367.18,Europe
2009,Finland,7,977,8940.96,2766.6,12806.52,99447.22,8212.59,Europe
2009,France,30,1647,24857.56,42307.04,32843.7,643715.4,107044.95,Europe
2009,Germany,36,3687,44247.44,76604.56,46943.46,1039188.46,102790.19,Europe
2009,"Hong Kong, SAR China",5,59,408.65,204.62,3050.61,21918.82,668.16,Asia Pacific
2009,India,5,477,186.73,582.31,3641.96,14667.96,3571.91,Asia Pacific
2009,Ireland,14,945,5547.06,3995.57,11936.18,138087.44,20959.54,Europe
2009,Israel,26,170,1568.99,909.86,1735.59,20474.25,5392.13,Other
2009,Italy,4,63,1722.42,21582.15,75468.6,165246.27,45351.17,Europe
2009,Japan,238,32570,108662.23,161301.17,22955.83,2732314.89,326446.22,Asia Pacific
2009,Luxembourg,5,33,402.99,3448.65,29121.22,77057.56,8025.88,Europe
2009,Netherlands,21,1523,9412.15,8131.95,15198.65,200063.7,18032.99,Europe
2009,New Zealand,1,6,24.98,32.4,336.45,356.46,82.91,Asia Pacific
2009,Norway,6,40,616.37,15503.44,25572.25,120815.98,35885.19,Europe
2009,Saudi Arabia,1,10,141.43,6405.65,79272.65,27521.21,7898.12,Asia Pacific
2009,Singapore,4,98,158.58,325.78,3484.25,26127.73,1143.24,Asia Pacific
2009,South Africa,2,11,122.61,2288.29,11803.18,19391.26,4515.28,Other
2009,South Korea,18,7280,520.21,42582.12,28242.52,461495.35,70766.78,Asia Pacific
2009,Spain,3,5,50.45,1978.19,9162.22,15193.57,2474.16,Europe
2009,Sweden,11,514,8674.7,4463.37,13145.53,121092.89,10487.12,Europe
2009,Switzerland,20,1424,24399.64,20134.78,87989.12,357423.8,88338.85,Europe
2009,Taiwan,54,3755,6945.55,13042.13,4255.29,253605.72,27658.38,Asia Pacific
2009,United Kingdom,47,1522,24044.34,60083.19,137633.1,903709.24,153489.56,Europe
2009,United States,1343,43978,202555.47,340114.39,16882.91,7086003.73,1158453.85,North America
2010,Argentina,1,1,0,2197.96,11731.11,11119.99,3713.55,Other
2010,Australia,16,72,553.26,14288.78,9423.45,98039.92,38452.62,Asia Pacific
2010,Austria,1,27,112.71,130.16,7554.43,8411.85,818.51,Europe
2010,Belgium,4,49,565.97,2906.5,33732.85,47755.94,14817.61,Europe
2010,Bermuda,4,544,897.58,1075.62,6734.77,11024.39,3206.03,North America
2010,Brazil,4,23,2031.8,61280.43,116326,183262.04,62456.41,Other
2010,Canada,74,998,2486.77,28327.12,12527.3,262011.44,56810.5,North America
2010,Cayman Islands,1,48,31.05,2.31,197.63,137.79,26.81,North America
2010,China,16,216,3041.69,62154.98,30074.57,544885.7,77757.45,Asia Pacific
2010,Denmark,10,192,3095.76,7888.95,12642.16,99561.44,25825.12,Europe
2010,Finland,8,1177,8251.76,3127.27,12472.85,105851.56,9923.95,Europe
2010,France,28,1966,22157.91,42774.88,34592.12,669542.49,117047.83,Europe
2010,Germany,38,5238,44089.2,78190.87,107930.1,1153311.86,177864.96,Europe
2010,Gibraltar,1,5,0,0.09,22.82,0,-4.76,Europe
2010,"Hong Kong, SAR China",6,102,482.87,314.18,2885.55,27536.06,1044.96,Asia Pacific
2010,India,7,615,244.19,9251.48,16159.04,104681.3,16074.06,Asia Pacific
2010,Indonesia,1,3,0,732,6021.08,2214.37,1096.11,Asia Pacific
2010,Ireland,17,1454,5585.77,4355.45,10616.14,149801.62,26173.82,Europe
2010,Israel,26,215,1759.11,1028.61,2049.33,23636.61,6863.28,Other
2010,Italy,6,90,1508.8,20750.05,51019.45,180581.81,49310.57,Europe
2010,Japan,234,40862,125587.93,183805.31,26480.17,3269828.55,419597.29,Asia Pacific
2010,Luxembourg,5,18,474.53,4714.45,29816.28,89177.38,10799.34,Europe
2010,Netherlands,21,1910,9233.14,8003.41,28118.95,202605.2,28048.61,Europe
2010,New Zealand,1,10,29.95,31.1,394.73,385.93,91.37,Asia Pacific
2010,Norway,6,60,577.15,14915.86,28065.01,131127.84,38589.98,Europe
2010,Saudi Arabia,1,13,174.19,4299.41,84806.77,40582.18,12952.13,Asia Pacific
2010,Singapore,4,207,162.95,766.4,3716.45,31395.85,1763.49,Asia Pacific
2010,South Africa,2,6,120.16,2106.24,10265.88,16047.48,4039.67,Other
2010,South Korea,16,9669,10486.08,53285.49,32902.8,476849.13,79478.46,Asia Pacific
2010,Spain,1,1,48.56,115.17,2506.49,1314.6,336.91,Europe
2010,Sweden,12,828,9220.76,6840.85,15951.12,155456.1,25858,Europe
2010,Switzerland,20,1934,27643.48,18233.76,95668.3,393803.83,103599.97,Europe
2010,Taiwan,48,4780,8598.84,24134.76,5310.33,339152.77,35670.35,Asia Pacific
2010,Thailand,1,1,0,2152.41,11375.11,4719.24,3399.12,Asia Pacific
2010,Turkey,1,1,58.39,162.06,4758.31,4507.88,496.92,Asia Pacific
2010,United Arab Emirates,1,1,0,0,0.06,0.02,-0.06,Asia Pacific
2010,United Kingdom,45,1808,23189.96,46962.94,82611.12,887063.49,185759.43,Europe
2010,United States,1402,56167,222441.22,366765.05,20877.22,8020277.11,1728115.29,North America
2011,Australia,13,84,716.13,20143.01,15061.78,134482.14,55030.56,Asia Pacific
2011,Austria,1,18,118.14,314.17,7955.5,9212.17,738.69,Europe
2011,Bahamas,1,1,9.46,0.02,6.38,3.11,-9.61,North America
2011,Belgium,4,60,594.87,4261.54,34873.2,52488.71,16511.84,Europe
2011,Bermuda,2,688,1013.68,2131.4,9339.88,9453.39,2546.98,North America
2011,Brazil,5,28,3128.97,57150.85,95892.3,226488.45,72045.7,Other
2011,Canada,91,1138,3007.71,30372.24,10527.14,264737.87,54229.37,North America
2011,Cayman Islands,1,51,33.59,2.01,198.41,124.28,10.18,North America
2011,China,16,271,6034.57,72419.61,36844,756367.2,82351.93,Asia Pacific
2011,Denmark,7,271,3162.93,1610.38,4856.77,31541.39,7354.74,Europe
2011,Finland,8,1182,7775.36,2102.78,11258.56,100464.58,7510.06,Europe
2011,France,29,1632,22974.14,54663.21,36997.61,753776.87,128023.37,Europe
2011,Germany,39,5067,46224.11,57155.37,39993.38,1120259.96,161482.72,Europe
2011,Gibraltar,1,8,0,0.02,7.52,0,-2.25,Europe
2011,"Hong Kong, SAR China",6,103,635.81,20274.17,28951.36,119811.62,41861.69,Asia Pacific
2011,India,4,655,271.33,815.05,4949.48,17705.39,4359.16,Asia Pacific
2011,Ireland,20,1593,6133.62,5582.23,9931.06,170136.85,29295.41,Europe
2011,Israel,34,189,2025.25,1411.74,2031.94,27167.08,7376.36,Other
2011,Italy,5,106,1367.09,20038.64,62241.75,198835.8,49911.71,Europe
2011,Japan,233,41490,129563.22,197699.07,27681,3205988.38,375542.87,Asia Pacific
2011,Luxembourg,7,29,464.57,7319.55,23674.18,114772.07,15513.82,Europe
2011,Netherlands,18,1889,10130.47,9975.36,16264.42,206721.24,29451.65,Europe
2011,New Zealand,1,8,34.4,53.18,468.69,423.33,94.51,Asia Pacific
2011,Norway,6,38,599.17,19224.76,32509.2,154902.15,49604.63,Europe
2011,Saudi Arabia,1,12,218.51,2836.78,88708.44,50620.21,16168.15,Asia Pacific
2011,Singapore,4,291,263.43,782.02,3566.99,32155.58,1624.66,Asia Pacific
2011,South Africa,1,9,148.9,3039.39,26341.64,21081.96,5567.54,Other
2011,South Korea,18,10017,16967.27,51811.24,32607.37,462079.38,71303.11,Asia Pacific
2011,Spain,1,4,99.5,177.99,7534.35,2329.45,579,Europe
2011,Sweden,13,977,9539.94,7916.62,15350.47,167350.33,27235.68,Europe
2011,Switzerland,22,1903,27075.25,21913.8,143043.67,425699.86,120179.76,Europe
2011,Taiwan,52,4956,9162.43,23550.66,5612.87,348283.99,30599.09,Asia Pacific
2011,Turkey,1,2,34.34,190.38,4870.6,4467.87,458.52,Asia Pacific
2011,United Kingdom,48,1836,24538.25,61438.62,80219.47,1065220.04,216878.42,Europe
2011,United States,1422,57159,239288.14,465271.45,20462.05,9111153.5,1875992.36,North America
2012,Australia,14,89,727.4,25871.51,64185.7,168555.76,60698.93,Asia Pacific
2012,Austria,1,31,145.01,411.31,9170.09,9946.57,570.82,Europe
2012,Bahamas,1,1,8.57,0,1.75,3.07,-7.59,North America
2012,Belgium,5,55,769.7,4403.93,29780.32,58886.04,17616.53,Europe
2012,Bermuda,2,785,1057.44,1586.81,8958.89,10158.2,2423.44,North America
2012,Brazil,4,27,2694.32,57516.6,122899.42,213293.4,43363.54,Other
2012,Canada,102,1358,3312.67,57487.35,16623.59,396061.21,83222.93,North America
2012,Cayman Islands,1,83,34.31,2.15,171.33,97.67,-11.19,North America
2012,China,16,489,6840.92,78588.83,39089.14,845908.3,85394.13,Asia Pacific
2012,Colombia,1,1,0,8816.68,64911.36,39245.64,16643.7,Other
2012,Denmark,7,308,3428.01,1321.68,4854.11,35838.33,8576.73,Europe
2012,Finland,10,1487,6897.71,2967.24,11489.27,116974.25,7104.08,Europe
2012,France,28,1607,23546.66,57463.34,37916.16,770656.84,120740.38,Europe
2012,Germany,35,5622,50568.53,66252.94,47955.06,1232009.85,160837.93,Europe
2012,Gibraltar,1,12,0,0,12.05,0,-5.62,Europe
2012,Greece,1,5,21.24,10.83,537.02,270.34,8.59,Europe
2012,"Hong Kong, SAR China",6,189,832,20358.22,32065.33,130206.1,42504.16,Asia Pacific
2012,India,5,790,338.85,831.39,4424.14,19349.81,4556.16,Asia Pacific
2012,Ireland,18,2003,6714.43,5490.35,11506.17,169130.52,29722.58,Europe
2012,Israel,43,227,2373.18,1409.27,1712.31,29548.01,8093.04,Other
2012,Italy,6,145,1986.68,20006.2,50765.68,228610.31,51405.13,Europe
2012,Japan,228,45754,111564.33,192441.25,26335.55,2844299.58,330070.03,Asia Pacific
2012,Luxembourg,6,37,487.93,7301.04,25750.36,112543,11623.52,Europe
2012,Mexico,1,2,0,431.75,36932.16,15199.29,2652.37,North America
2012,Netherlands,19,2142,10737.8,12207.3,15831.1,225818.48,30953.23,Europe
2012,New Zealand,1,15,38.22,48.95,517.15,465.03,116.32,Asia Pacific
2012,Norway,5,42,642.78,22131.39,36156.92,155760.62,49099.82,Europe
2012,Saudi Arabia,1,19,371.2,2896.17,90246.09,50405.16,14492.39,Asia Pacific
2012,Singapore,4,322,154.8,888.25,3477.43,26253.83,1542.51,Asia Pacific
2012,South Africa,1,12,153.76,3560.98,24923.91,20727.34,5507.4,Other
2012,South Korea,17,10418,17675.93,61086.01,40953.61,559407.44,91704.61,Asia Pacific
2012,Spain,4,11,1685.76,18842.83,72575.24,188840.58,37785.29,Europe
2012,Sweden,14,1292,10531.91,9196.94,15973.95,199323.01,27494.78,Europe
2012,Switzerland,21,1990,29123.05,22751.69,92146.13,396700.06,95928.33,Europe
2012,Taiwan,50,6114,10237.05,21733.17,6173.19,370627.8,35606.95,Asia Pacific
2012,Thailand,1,1,0,2805.79,19637.02,6840.24,4672.53,Asia Pacific
2012,Turkey,1,1,40.9,265.89,5730.81,5914.99,551.44,Asia Pacific
2012,United Kingdom,50,2056,26072.65,78982.36,122780.15,1120548.17,187697.83,Europe
2012,United States,1485,63891,258009.09,483905.36,18768.99,9033443.74,1874221.45,North America
2013,Australia,14,132,758.84,31446.95,17608.71,130857.72,46674.31,Asia Pacific
2013,Austria,1,37,150.18,364.28,10616.15,11223.56,696.7,Europe
2013,Bahamas,1,1,6.28,0.01,0.97,3.36,-4.88,North America
2013,Belgium,5,43,807.37,5106.79,33986.81,59895.51,18349.45,Europe
2013,Bermuda,3,912,1202.32,1293.68,6766.73,11688.41,2468.96,North America
2013,Brazil,3,22,1945.86,57452.04,151733.99,190686.67,46335.39,Other
2013,Canada,104,1820,2903.06,33419.05,23655.2,300577.34,79652.07,North America
2013,Cayman Islands,1,53,27.02,0.74,137.42,73.78,-17.02,North America
2013,China,13,686,6930.82,94040.76,61306.32,954263.07,106752.92,Asia Pacific
2013,Denmark,8,338,3692.66,7675.92,13652.97,86322.14,21483.17,Europe
2013,Finland,9,1530,4169.58,2729.09,12107.44,95465,8645.98,Europe
2013,France,30,1851,24720.4,63671.31,37500.21,798898.17,121010.62,Europe
2013,Germany,36,6103,55940.08,72434.96,49832.09,1288227.53,172237.84,Europe
2013,Gibraltar,1,6,0,0.02,14.14,0,-3.16,Europe
2013,"Hong Kong, SAR China",5,163,1070.46,23736.03,43605.31,149427.64,42127.59,Asia Pacific
2013,India,4,965,379.63,853.09,5543.09,19072.28,4631.52,Asia Pacific
2013,Indonesia,1,1,0,764.44,4521.48,1956.18,850.32,Asia Pacific
2013,Ireland,20,2382,7053.31,5739.88,11597.71,195974.9,31170.03,Europe
2013,Israel,42,253,2502.16,1379.34,1541.24,30151.61,7635.59,Other
2013,Italy,8,173,2688.38,19795.5,40279.32,222811.2,42218.94,Europe
2013,Japan,220,45856,104133.9,187232.73,26931.6,2838474.11,358393.94,Asia Pacific
2013,Jersey,1,4,34.8,3.63,188.91,10.36,-63.24,Europe
2013,Luxembourg,6,36,513.84,5150.64,23757.31,100951.73,10334.54,Europe
2013,Netherlands,18,2355,11235.19,11208.42,18053.14,234561.75,30632.26,Europe
2013,New Zealand,1,13,46.98,23.69,546.9,540.93,150.44,Asia Pacific
2013,Norway,5,54,661.81,20710.04,36826.88,129025.77,37258.6,Europe
2013,Saudi Arabia,1,15,439.83,3173.71,90409.36,50403.12,15163.22,Asia Pacific
2013,Singapore,4,314,136.4,1036.27,3994.5,28387.41,1469.39,Asia Pacific
2013,South Africa,1,12,137.55,3260.26,25252.78,18347.25,5697.83,Other
2013,South Korea,19,11344,21923.22,61200.29,40496.69,599925.28,104700.53,Asia Pacific
2013,Spain,3,19,1611.14,16546.46,66818.98,108765.55,28593.61,Europe
2013,Sweden,15,1647,10935.79,8821.52,14807.65,179724.72,25810.03,Europe
2013,Switzerland,22,2202,29302.32,23918.08,76735.25,409963.49,97657.96,Europe
2013,Taiwan,48,6367,10264.01,20112.77,6659.66,359262.63,39587,Asia Pacific
2013,Thailand,1,1,0,2633.41,21572.39,7322.57,5229.78,Asia Pacific
2013,Turkey,1,7,38.71,238.1,5308.94,5163.22,524.45,Asia Pacific
2013,United Kingdom,52,2193,26793.87,82340.02,155261.28,1216117.86,215345.62,Europe
2013,United States,1542,71629,269264.06,516406.87,18480.24,9146591.31,1957013.28,North America
2014,Argentina,1,1,0,41.05,723.03,504,138.98,Other
2014,Australia,16,140,799.45,23868.47,14731.91,120685.67,45337.01,Asia Pacific
2014,Austria,1,14,156.39,447.38,10108.84,10081.47,724.67,Europe
2014,Bahamas,1,1,4.76,0,1.42,2.95,-4.72,North America
2014,Belgium,5,53,754,5649.96,33425.52,62481.78,19531.42,Europe
2014,Bermuda,4,1082,1217.14,1946.92,16388.42,19297.05,3646.98,North America
2014,Brazil,5,22,1933.55,49013.84,89312.05,207039.61,39951.8,Other
2014,Canada,103,1854,2418.47,40266.53,20900.31,339195.43,82884.22,North America
2014,Cayman Islands,1,26,21.89,1,116.74,63.59,-11.26,North America
2014,China,14,1180,8547.9,76543.24,54380.21,886144.89,93778.24,Asia Pacific
2014,Colombia,1,3,0,6672.86,60498.14,29327.73,9662.53,Other
2014,Denmark,9,404,3606.81,2229.54,6496.14,45203.58,11642.63,Europe
2014,Finland,8,1638,3514.4,2016.65,8790.04,67097.03,6069.25,Europe
2014,France,28,2060,17527.69,52434.42,35982.8,665102.95,100218.4,Europe
2014,Germany,36,6399,53094.35,68793.77,106322.64,1231894.83,180924.92,Europe
2014,Gibraltar,1,3,0,0.02,12.65,0.03,-5.07,Europe
2014,"Hong Kong, SAR China",5,267,1591.35,28405.68,48719.45,156856.58,40905.26,Asia Pacific
2014,India,4,1076,422.14,785.48,6260.03,20523,4960.48,Asia Pacific
2014,Indonesia,1,2,0,518.43,4292.34,1941.26,810.78,Asia Pacific
2014,Ireland,22,2381,9239.78,5162.17,16001.71,196705.67,36463.75,Europe
2014,Israel,46,269,2750.49,1408.61,1439.22,32260.66,8497.2,Other
2014,Italy,6,120,2584.47,16857.83,47585.21,178625.1,33500.63,Europe
2014,Japan,226,47171,94478.65,158295.63,24742.93,2444378.23,339207.09,Asia Pacific
2014,Jersey,1,4,40.38,2.32,117.88,15.49,-76.33,Europe
2014,Luxembourg,7,55,519.98,6425.37,20668.48,103606.57,12839.64,Europe
2014,Malaysia,1,1,1.06,1.61,137.75,58,6.19,Asia Pacific
2014,Netherlands,21,2351,10477.56,9782.59,71185.13,230442.78,35752.94,Europe
2014,New Zealand,1,17,48.73,29.44,502.21,504.11,151.25,Asia Pacific
2014,Norway,4,68,501.97,17610,38292.12,93607.15,25065.03,Europe
2014,Russian Federation,1,1,0,1314.84,10784.1,7274.52,3107.45,Europe
2014,Saudi Arabia,1,35,496.7,4126.95,90596.67,50121.23,14047.1,Asia Pacific
2014,Singapore,4,263,147.74,938.96,3854.52,28418.65,1609.68,Asia Pacific
2014,South Africa,2,11,140.47,3666.42,13865.61,19632.9,5719.66,Other
2014,South Korea,19,12961,22452.18,56962.6,42466.03,569780.36,97667.63,Asia Pacific
2014,Spain,4,28,1668.43,16215.43,70479.99,152829.19,27171.29,Europe
2014,Sweden,13,2050,9772.96,7243.13,15181.01,149984.27,21575.41,Europe
2014,Switzerland,22,2226,27563.88,19366.03,24207.92,334860.11,77253.48,Europe
2014,Taiwan,49,6349,10957.6,19623.48,6756.69,358498.54,45462.19,Asia Pacific
2014,Turkey,1,12,43.67,193.9,5303.64,5354.57,548.62,Asia Pacific
2014,United Kingdom,50,2348,25843.21,74296.89,114186.2,1084821.38,200149,Europe
2014,United States,1492,78020,291022.52,565114.11,21207.82,9560885.71,1982956.83,North America
2015,Argentina,2,3,20.79,4941.55,14248.83,12347.92,3306.66,Other
2015,Australia,16,118,684.96,5066.95,5097.83,53212.39,11665.53,Asia Pacific
2015,Austria,1,10,124.24,365.18,10058.31,8363.21,1140.85,Europe
2015,Belgium,5,70,720.19,5889,33074.55,57897.27,18046.12,Europe
2015,Bermuda,3,975,1096.61,1003.3,5415.79,7823.46,1384.96,North America
2015,Brazil,5,40,1193.26,31985.59,70652.21,143339.44,23192.93,Other
2015,Canada,100,1477,2690.26,26906.66,20695.21,260901.88,62660.18,North America
2015,Cayman Islands,1,21,18.49,0.72,96.21,54.84,-12.67,North America
2015,China,12,1172,9578.81,57416.68,65302.93,655163.28,78614.78,Asia Pacific
2015,Colombia,1,1,0,4494.87,39288.69,16641.2,5010.11,Other
2015,Denmark,9,352,4068.43,2116.78,6186.36,48591.95,13299.19,Europe
2015,Finland,8,1679,2795.06,2678.87,9827.09,66527.75,8603.43,Europe
2015,France,28,1985,18409.53,52405.43,32940.54,578859.56,92974.34,Europe
2015,Germany,35,6388,51201.44,65322.86,49483.17,1146489.77,150231.87,Europe
2015,Gibraltar,1,9,0,0,15.17,0,-3.47,Europe
2015,"Hong Kong, SAR China",5,470,1898.92,27563.23,50752.03,155720.49,40379.62,Asia Pacific
2015,India,6,1133,1019.76,10771.46,26366.79,104126.24,15458.56,Asia Pacific
2015,Indonesia,1,2,0,532.4,4014.88,1940.34,833.69,Asia Pacific
2015,Ireland,22,2353,11052.31,5366.29,19494.05,196570.08,41653.06,Europe
2015,Israel,47,265,2971.67,1782.63,1797.45,37486.4,10068.98,Other
2015,Italy,8,110,1148.9,17887.31,31690.26,123574.47,20277.67,Europe
2015,Japan,228,45379,101106.01,186772.32,28217.07,2683225.45,380784.28,Asia Pacific
2015,Jersey,1,4,43.75,10.27,307.34,33.09,-101.09,Europe
2015,Luxembourg,5,66,448.13,4552.52,20456.18,78503.04,2554.94,Europe
2015,Netherlands,21,2157,10431.53,9204.14,15351.12,213553.22,31368.63,Europe
2015,New Zealand,2,29,51.58,221.34,2802.52,6423.28,727.59,Asia Pacific
2015,Norway,5,68,406.94,16278.19,28038.66,76317.59,13740.87,Europe
2015,Russian Federation,1,2,0,1048.09,8931.68,5894.94,2388.94,Europe
2015,Saudi Arabia,1,37,601.38,4869.73,87444.43,39453.13,11784.33,Asia Pacific
2015,Singapore,4,285,220.25,764.97,3895.23,26393.37,1393.31,Asia Pacific
2015,South Africa,1,14,46.6,3707.45,26644.63,15254.51,4907.78,Other
2015,South Korea,18,14073,21001.58,65059.09,54446.38,526480.37,103117.52,Asia Pacific
2015,Spain,4,25,1440.11,16288.05,256742.26,139906.88,33109.23,Europe
2015,Sweden,13,2029,9028.21,7261.65,13799.5,148569.31,21910.35,Europe
2015,Switzerland,21,2089,26673.9,18348.19,24504.53,312539.12,73029.57,Europe
2015,Taiwan,48,6271,11253.08,18962.64,6449.94,349780.08,43938.11,Asia Pacific
2015,Turkey,1,20,42.9,219.43,4706.7,4853.19,491.13,Asia Pacific
2015,United Kingdom,52,2117,25332.65,64641.32,102816.7,914321.3,182695.07,Europe
2015,United States,1417,73341,304852.75,517397.83,19425.11,8706383.7,1820479.98,North America
2016,Australia,14,93,809.52,12614.11,63628.16,74759.38,40947.46,Asia Pacific
2016,Austria,1,7,120.62,351.49,10480.29,7616.22,1355.64,Europe
2016,Bahamas,1,1,6.8,0,2.06,0.28,-12.87,North America
2016,Belgium,6,50,817.98,6032.39,48066.45,60230.98,18686.76,Europe
2016,Bermuda,3,646,865.58,446.47,4631.99,5363.11,1022.34,North America
2016,Brazil,6,35,622.71,22226.84,64617.6,133727.6,39165.5,Other
2016,Canada,85,1140,2562.02,24459.46,5124.08,200850,47988.46,North America
2016,Cayman Islands,1,15,15.64,0.67,90.69,56.56,-4.76,North America
2016,China,12,1983,11933.18,63964.15,75682.72,668843.57,101741.09,Asia Pacific
2016,Denmark,8,355,3418.38,2348.84,6932.23,47562.43,13540.4,Europe
2016,Finland,8,1611,5649.76,2401.87,12818.84,75206.2,8981.86,Europe
2016,France,28,1849,18601.23,45643.76,34040.21,559557.02,92950.62,Europe
2016,Germany,34,6165,50322.04,63566.04,53411.24,1127903.01,161156.24,Europe
2016,Gibraltar,1,13,0,0,15.32,0,-4.12,Europe
2016,"Hong Kong, SAR China",5,538,1843.27,28010.36,51067.16,153881.23,40191.7,Asia Pacific
2016,India,5,1265,643.54,13069.33,27866.25,73356.05,12245.01,Asia Pacific
2016,Indonesia,1,1,0,534.96,3773.37,2166.15,957.99,Asia Pacific
2016,Ireland,17,2296,10001.86,5029.26,24171.41,176640.93,35966.49,Europe
2016,Israel,48,279,3949.42,2662.43,2872.92,35550.53,9932.43,Other
2016,Italy,6,90,958.58,15487.73,37933.87,100367.52,21704.01,Europe
2016,Japan,215,42579,94615.21,170144.93,30450.53,2498127.96,362711.51,Asia Pacific
2016,Jersey,1,1,41.47,17.66,282.08,82.89,-103.98,Europe
2016,Luxembourg,5,68,424.47,3619.25,20407.95,68149.76,7793.99,Europe
2016,Netherlands,19,2242,10558.27,8228.9,16028.26,198258.65,23890.32,Europe
2016,New Zealand,1,22,60.11,33.46,613.83,625.17,195.14,Asia Pacific
2016,Norway,4,95,382.16,14148.47,30544.52,58289.17,12543.85,Europe
2016,Saudi Arabia,1,49,532.22,3490.96,84458.75,35401.14,11488.74,Asia Pacific
2016,Singapore,4,172,203.87,732.61,3954.49,25737.86,1452.71,Asia Pacific
2016,South Africa,1,14,0,4763.76,26443.37,11704.65,3273.39,Other
2016,South Korea,21,15336,24618.53,51943.53,48812.91,519309.64,102921.79,Asia Pacific
2016,Spain,5,34,1241.57,15872.78,52631.37,134385.17,27859.72,Europe
2016,Sweden,15,2142,8249.16,7216.54,12756.06,153938.12,20965.87,Europe
2016,Switzerland,19,2075,28295.32,19138.45,75538.74,339290.33,83539.78,Europe
2016,Taiwan,45,6337,11687.08,23321.17,7455.48,348070.54,45566.9,Asia Pacific
2016,Turkey,1,21,43.63,236.1,4804.43,4573.38,469.94,Asia Pacific
2016,United Kingdom,46,2013,23720.56,55641.16,110621.1,809252.39,160926.99,Europe
2016,United States,1340,73659,322757.71,493619.49,22254.89,8781487.67,1805181.37,North America
