year,industry_code,count_companies,count_patents,sum_rdex,sum_capex,mean_assets,sum_sales,sum_ebitda
1980,1,32,170,298.33199892,3765.72685479,1352.450065875,71802.710881,8318.23037488
1980,10,47,1896,1889.377998009,3933.699039167,1147.276185919149,58399.3523603,8702.520943967
1980,11,5,7,0.021,13.81724101,28776.722924975,14264.211390698001,1722.84835097
1980,12,22,935,1056.238799993,4437.126061611,1709.895549140909,47701.87498257,6686.471197902
1980,2,38,1164,4731.567995081,14142.42610551,2601.3324241052633,145739.199883,7940.909027799999
1980,3,184,4249,6753.308577008,20813.113525225,1333.764766208232,302850.498278099,34481.14181808
1980,4,30,1413,2198.30066643,38816.8322991,10428.15762173,479200.4326184,75704.0225927
1980,5,39,2087,2338.73298905,8302.34602729,2080.638082751282,111562.3349399,14008.57899568
1980,6,121,3478,7134.576455112,16966.039472327,1074.9022028432203,140214.7776544,26638.1601290118
1980,7,5,595,766.9169899999999,20271.12,30872.0200198,73288.835299,23934.1338798
1980,8,4,13,0,12770.01418,20233.178,22781.6811,6881.75797
1980,9,11,81,3.14500011,1025.89498982,5110.463996090909,103202.310009,3127.740009
1981,1,27,201,310.959998,4141.31097,1695.0255383846154,70617.374365,8405.025905
1981,10,53,2095,3481.6619867494,4620.874009109,1105.4415681264152,63998.19669369,9758.481925737
1981,11,4,4,0.049,186.54000002,6277.618500050025,7218.5309995002,1952.873
1981,12,17,1057,1199.491808701,4496.081224719,2502.095104594118,51328.10198081,6765.397705007
1981,2,45,1189,5025.341091149,14098.422510870001,2181.6979162686366,152657.68590912002,10368.34481544
1981,3,186,4724,7410.601348468,22011.5081528997,1372.6188023338918,310674.21654501,35031.92014827
1981,4,33,1606,2913.8809533,53193.997050997,10714.440047154545,530677.0909959701,71501.29775239
1981,5,42,2276,2741.98029507,9214.58212039,2400.496762945238,128369.9344189,15801.21093341
1981,6,108,3941,8332.07898711,18019.352864979,1285.0911340360378,149077.63864541,27769.945848930998
1981,7,6,633,952.20001,28191.321100020003,34922.22621665,99193.164001,34804.294
1981,8,4,17,0,11536.98527,20353.89955,21239.6069,6953.19401
1981,9,12,89,4.2540001,978.712989,5921.379454909091,108671.84283,4306.8769976
1982,1,24,193,403.815996203,3964.914353,1887.120206625,69076.806574,8647.22847709
1982,10,50,1705,3757.544996216,4230.813977229,1179.1453853014286,61568.2718084,9922.44905766
1982,11,2,2,0.003,0,37.443497,11.662,9.649
1982,12,18,929,1238.54991059,3501.471139873,2342.316365491111,44460.07432159,5824.34929458
1982,2,45,1290,4978.76780036,12821.64112564,2717.3833894068184,170367.95340210001,13038.60632614
1982,3,189,4368,8075.3175727496,19102.889248356,1353.9422142612766,287816.35615052,26156.173101602
1982,4,31,1390,3108.4140144899998,49339.927915008004,11844.732530293333,469575.5312325,62213.76461019
1982,5,42,1975,3586.873385,11142.107376,2841.822871214286,149941.237464,17410.4483358
1982,6,119,3805,9971.459766449,18965.608806135,1266.6023222589745,162799.7435303,30206.061746051
1982,7,5,523,1142.59998,27054.842299999997,44834.6762,108817.4913,37161.74821
1982,8,5,7,0,12214.971,20211.5434,30667.1135,9432.43085
1982,9,17,112,8.307,1369.21103019,4156.691765370588,119344.2701084,4936.65778593
1983,1,30,222,419.11199601,4195.6725984800005,1846.9795042,86063.629994,10954.7284244
1983,10,60,1487,4242.1680452499995,4267.740949355,1105.9818827844829,66971.589002892,11401.291027841
1983,11,2,2,0,320.70001,71550.5,24948.9019,3936.6021
1983,12,19,832,1535.8401888,3588.82270789,2718.0566621722223,55120.9196714,7252.38454098
1983,2,48,1359,5653.8147047096,9364.54647429,2877.295875375,210432.4186393,21842.269198721002
1983,3,187,4389,8676.7669866106,17096.2590614011,1419.4853839190218,297432.3494144,29371.42784496
1983,4,31,1700,3207.9280161,41591.289121,12701.763248033334,455515.76912,70048.19164
1983,5,44,2068,4008.5551558,9467.125839,2907.8348308636364,157694.32851,19675.9687153
1983,6,116,3869,10807.242946914,16366.745054055,1387.1116188147826,168911.52610524002,30637.41091978
1983,7,6,533,1373.20001,24302.875900000003,38658.81166666667,116312.4167,37386.61779001
1983,8,7,16,0,12118.26079,17209.136657142855,33116.1511,12145.14812
1983,9,16,102,7.72700009,991.558992932,4728.77100508125,114864.2109891,4734.2040011
1984,1,26,205,402.678999,3545.9474368,1850.3295983076923,73059.797021,9906.9937436
1984,10,67,1803,4713.217084772,4492.552956148,1020.9013280893939,70300.1839924585,12649.99401749
1984,11,4,4,2.093999987,77.052999989,15463.957750025002,12896.04900002,2835.50189998
1984,12,25,1000,1735.14590882,5892.9372642200005,2696.484523482609,66783.7082958,9184.576525
1984,2,46,1560,6399.79963983,13398.794081499,3379.0669140933333,237076.0717741,27454.54137391
1984,3,210,5328,9747.521906188,20531.812338589,1378.080447520098,331467.5350201,37712.503359663
1984,4,31,1923,3295.382984,41980.65440203,12899.322600326666,432980.86239,70906.26308021
1984,5,51,2480,4317.4637493,9783.478072797,2563.0845556,167098.491762,22114.37260698
1984,6,149,4857,14922.03952087,21937.524329928,1339.7473432163265,213654.36319658,38385.291427292
1984,7,7,888,3096.09892,11775.9025899,16118.344000000001,100169.6391,17834.3144
1984,8,11,30,0,12648.527170000001,14300.236836363636,48193.76753,18246.67042
1984,9,11,85,2.8490001,1246.6890484,7735.036349636363,114800.51401,5500.93855311
1985,1,32,249,463.905999109,5052.858893279,2387.9353643746877,98652.95666699,13393.08591911
1985,10,78,1951,5202.523976198,5016.3209899044,975.135423009359,74209.638019238,12996.77505228
1985,11,5,8,4.83800009,415.68100999,4144.60949998,4190.37816009993,1343.86399988
1985,12,32,1015,1902.666809521,3914.6861772224,1848.5343674041292,55360.8638914794,6924.311355062
1985,2,44,1742,7965.60665483,20179.9836355,4569.816655932558,274134.0683075,30800.07827852
1985,3,195,5809,11175.976294648,25313.406310588,1673.5848579226315,362748.4953627,39812.9027488
1985,4,26,1917,3431.881021,42112.11899804,15530.961080396,435122.86341009,76537.10954171
1985,5,51,2517,4848.91137489,11330.3447594004,2766.9892666470587,168720.05760801001,21887.147921
1985,6,157,5372,15807.546065941,23422.724279211,1450.282572468366,229841.67849946002,37338.5199337
1985,7,6,945,1553,74192.1066,23951.86485,79649.2712,27081.67439
1985,8,11,29,0,12219.433019,13464.894861818182,48246.56357,17206.393070000002
1985,9,13,99,1.5840000300000001,1191.712263525,7894.3770189,153136.552971,5358.25563335
1986,1,36,252,692.0379996,8733.46884298,3323.396000691667,152804.272256,22558.6172538
1986,10,88,2024,6899.068010103,6617.6131787377,1123.0262765714772,96723.89169885,16422.221958348
1986,11,9,12,4.786000098,123.880999049,2508.213034733333,3730.6890293,1199.136998193
1986,12,26,937,2287.13403,4985.20789663,2702.412242984,72591.41968201101,8635.28274982
1986,2,51,1598,10155.91733585,27285.304645430002,4938.8035961498035,339245.47717,35138.05582396
1986,3,203,5138,12830.190886108,23425.525922473,1810.547257771,383434.6164821,39874.688728039
1986,4,24,1422,2926.371987,27146.75802697,14895.791135804167,293699.1089201,48873.93107192
1986,5,51,2249,5168.70699378,10647.4691182991,2853.386643620196,158673.89368501,23360.1911539
1986,6,170,5369,17740.242085859,19526.574269485,1493.927423748639,243550.115164309,34209.565603515
1986,7,9,990,1957.653317,20649.06359805,21255.844333333334,103174.156901,37740.16111
1986,8,10,38,0,14446.640007,17487.275834,52616.78042,20744.389912
1986,9,17,103,8.6679999,1119.952014339,6449.583761170588,158013.40398184,5808.500882732
1987,NA,1,1,0,0,304.12122,155.82065,18.75194
1987,1,53,322,800.43900791,6693.47205794,2500.414004530189,161329.7373823,21865.73322123
1987,10,116,2668,9325.397895777,8252.8108338817,1215.0512817042104,126368.964890221,21135.4755981256
1987,11,8,9,21.706,83.39900230800001,2152.95975015125,3615.09399777,1318.61690004
1987,12,31,1039,2257.964999388,4843.0891917232,2965.6172938764516,86077.99263592,10385.43577452
1987,2,76,3437,12196.979572214,23473.2064088788,5315.984305186534,484790.942417,41388.93437849
1987,3,270,7222,17710.846517425998,24581.132763951002,2538.2892667873134,645786.6675176,65096.47170112
1987,4,27,1406,2602.440994,24676.5799832988,14076.520944263077,329586.43507089,48255.399511
1987,5,77,2981,7262.73930061,11857.989774399,3108.21846075,251099.17719002,32807.28159489
1987,6,214,7906,21785.62134054,20542.098281133,1655.5587802565876,329767.37325361,44799.04635477
1987,7,14,1317,4901.18798,31261.7326079,20870.924464928572,179768.380598,56923.99018
1987,8,9,27,0,5908.354908,12479.082575555556,28608.59638,12434.74032
1987,9,21,733,42.009000908,3117.54121013,9765.379659809523,320029.261501,9847.1534883
1988,NA,1,1,0,0,354.1366,312.30832,42.477371
1988,1,50,300,1239.81173111,8627.904521389999,3494.2216857583335,182512.0661557,26882.1053199
1988,10,122,2480,10066.858452618,9213.9148998768,1188.2979648888984,131947.071949091,23347.396827634
1988,11,9,14,2.51500004,55.5400019714,26554.34633332111,35742.656822,7428.354008708
1988,12,37,1023,2363.27804112,9048.916763591,4985.909024075676,117480.21382931,19318.831339162
1988,2,76,3411,14999.844973444,26280.8369042798,8323.351122791999,575356.840264,64667.59068621
1988,3,291,6982,18791.315246611,30018.941457137,2725.4664841360764,738661.57607911,87528.7221813
1988,4,26,1262,2875.95099173,35973.28988541,14477.508173115384,350810.728992,57121.0833399
1988,5,83,2987,8250.708266949,15873.2559679047,3341.5661463876827,282267.94012818,40384.827495051
1988,6,222,7521,24502.819190621398,25584.8213793304,1927.813774158611,378470.980557959,56802.3753237285
1988,7,8,1083,2553.016,21887.184019,26086.891258749998,110763.57839,39959.41591
1988,8,10,31,0,7078.9609469,13585.8500203,38396.283499,15423.25301
1988,9,24,787,37.30099989,3745.8210995509,10207.977832728182,329878.7803156,5739.40207401
1989,1,54,407,1686.4337956,9679.08567451,3634.410010980769,203369.9511138,34421.396254600004
1989,10,152,3355,12735.183277223001,11170.1967342981,1325.4664259697888,171881.026642415,31492.701946188998
1989,11,14,22,39.614000069999996,1137.1900604198,29320.73253427857,72338.912714,8946.8660219
1989,12,38,2149,6280.51155998,11236.154773104,6514.614702284211,163364.729209579,26439.596161274
1989,2,89,4208,18892.60138573,35622.91208565,8441.144361997753,688768.6301191,83829.7625436
1989,3,313,9322,20202.6816648852,38009.907848774,2988.1138764954694,842750.55354878,99779.73746218
1989,4,29,1674,3487.5604157,33191.458904999,15202.968487072414,413746.76993801,61934.2506284
1989,5,99,5156,13750.333733309,18229.0029813703,3947.4332881436735,420952.72649800003,59852.565393498
1989,6,242,9330,29292.503200092,29431.561968988,1949.5848370152992,425274.81866697,61152.5346235121
1989,7,13,1151,3024.278088999,24845.42670598,18583.239157615386,129503.217045,44997.80464991
1989,8,10,30,0,6895.68992,12954.646804,38838.14967,14860.84171
1989,9,25,1134,270.27278105,2584.2366768964002,10740.799780943913,328450.0851179,5734.36445309
1990,NA,1,2,0,0,500.81165,369.11865,44.367069
1990,1,55,355,2149.865291899,12656.8884405,4838.013313849056,278810.854458,42532.87372438
1990,10,166,3179,16727.03060858,13930.9322990069,1535.2284241790849,205100.935666179,37608.2722035741
1990,11,10,16,45.29399796,158.1815850523,4716.80725876,7452.355254,2499.80160221
1990,12,46,2030,7490.927866998,9777.41848548,6587.175948346,193445.617717201,28843.09307873
1990,2,93,4126,23504.31664412,40201.2882861,9780.298861273865,778792.5229809,76670.4168814
1990,3,313,8723,23622.861947873,44487.2629177888,3494.673862129934,965243.3645562,100503.417948313
1990,4,26,1433,3706.343199,34241.715969,17545.376425576924,466672.624761,66399.76561
1990,5,100,5258,15893.124563109,21879.9825877015,4512.5385830097,487407.98274327,63339.85501182
1990,6,243,8727,32897.884704854,31796.8934262451,2305.7329678827778,479597.77267102,67224.236610299
1990,7,14,1186,6128.213152,38389.662790970004,24126.986664285716,204448.131311,59195.5457
1990,8,5,27,0,5911.354,19384.5212,22080.1177,9705.90494
1990,9,18,1336,385.77643959,2471.90799969,10508.335127832777,330362.517877,7520.15000588
1991,NA,1,3,0,0,538.90656,396.0997,41.674538
1991,1,68,363,2515.533967374,13518.873540053,4169.64009131791,301630.1185711,50778.147109
1991,10,187,3689,18988.22633109,14267.6138426096,1429.9710577883334,224104.1457525613,43449.307880005
1991,11,11,24,1.426632623,22.3435172234,23351.141654581817,38497.879875662,7636.2364434
1991,12,39,2013,7681.191278990001,14140.323437221,8968.064101267568,210155.350027,29993.63251683
1991,2,94,4347,22810.403585507,43899.903711296,10213.71614710989,829652.657900098,67189.6374125012
1991,3,317,9522,25185.316484089,40578.858355914,3719.233668658361,1002259.63883141,92471.2952405282
1991,4,31,1514,4040.0534879,37460.66322101,15432.880198290322,446511.861376,57990.7347196
1991,5,102,5573,16176.92208728,18242.60045142,4552.72080325,494999.72061298,53828.144990719
1991,6,260,10112,35889.03366536,32981.719699574096,2341.949353021755,497079.11632794,59984.914156592204
1991,7,14,1231,3618.07139401,35761.97770102,24185.91935714286,167218.860401,57638.933366
1991,8,11,32,0,8821.722109,12794.188918363636,40133.98399,16278.589186199999
1991,9,25,1295,426.74101003,3813.1357594280003,11605.843860001667,367307.17878173,6501.54917652
1992,NA,1,1,0,0,640.76868,450.64923,47.575542
1992,1,59,445,2213.3469269358,12973.099745123,5378.114695412069,319387.17560419,46053.743362244
1992,10,226,3751,23203.55065267,16205.1975045197,1325.2416271251184,244519.4399197728,47994.969749974
1992,11,13,21,32.16902424,848.5956993905,3927.0316906099997,9137.859447779,2823.2814925000002
1992,12,55,2159,9048.51977516,9742.463582571,6943.117207714815,201023.10721982,30183.84643735
1992,2,102,4367,22665.121605071,38543.452732213,9572.335209822772,873414.82882,66382.177350299
1992,3,345,10032,27856.941356609,40391.2100750132,3777.865056393656,1065954.53619837,91145.46390607
1992,4,30,1519,3111.3038094,31712.3986887,15123.174300533334,425466.9257521,51194.34112297
1992,5,110,5841,16025.706810271,17028.180939223,4439.274918606546,498133.94145193,50150.51405105
1992,6,282,11238,38016.981606929,34191.530755552,2310.64030320717,537365.63192313,66901.59127267
1992,7,15,1150,6892.072157,36087.54030002,24953.68824666667,229196.2192197,63431.0685499
1992,8,6,21,0,7980.92584,21248.321216666667,32993.1321,12748.42289
1992,9,24,1265,307.671763,2678.0562074100003,8179.558832222727,336677.298351,5881.3450756
1993,NA,1,3,0,0,741.26105,511.19,59.914429
1993,1,57,493,2166.08932896,12845.966559346,4930.92095935614,321291.57023549,45227.23128791
1993,10,243,4040,24057.686602321,15600.7398873981,1305.5164175665652,246112.27351031,49126.8866468
1993,11,18,41,45.88977556,438.03203841,27375.015035817647,60373.257619,20845.8069787
1993,12,67,2182,7912.10600221,14645.660491019,8178.948658418033,257946.715068699,37958.76036912
1993,2,113,4287,24004.135451901002,43592.139882329,9694.774837572071,943415.60749411,74888.301875046
1993,3,335,10397,28589.726144168,33270.68959341,3978.098373167231,1074734.6889056,86560.90978376
1993,4,36,1467,3996.84727702,35092.89181709993,14999.175005508858,491463.450371701,59612.4428210998
1993,5,112,6068,16009.511686438,17324.0557072892,4427.535329171339,491668.308512708,49428.124962981
1993,6,304,12755,40788.438478113,34914.4973036389,2408.475539232737,601761.88825558,73027.755069121
1993,7,15,1051,4258.1057798,42048.23140998,25130.3816068,191086.186,63182.6262801
1993,8,10,26,0,12187.85907,21187.583481,59057.6476,21500.78032
1993,9,28,1325,470.1506920004,4214.53847431,10809.80805643077,442268.03203828,5576.86062386
1994,NA,1,2,0,0,918.65692,625.10382,79.155052
1994,1,56,504,2540.47507893,12100.473571642,5344.783307485454,354365.67859685,47372.76502424
1994,10,254,3960,27006.01145173,16646.485959082,1518.0205927176544,282479.083646501,58106.54859375
1994,11,15,55,46.37469307,666.401664754,26044.337922107145,49241.176168699,13581.2987633
1994,12,80,2244,8184.536009450199,27766.457768321,7011.1867939377335,352909.78484589,42450.46676097
1994,2,110,4371,26828.96316294,56952.04034727,11126.440602960909,1064331.896825,105596.854953
1994,3,384,10454,31770.996438885,42886.606177093,3945.8781425420484,1235776.811724,116265.09109611
1994,4,42,1499,4306.0093262,37183.02845551,13771.042955243902,500669.0880945,63950.76268842
1994,5,117,5707,17544.1785458,22577.94887072,4912.90920015654,556459.59340199,62914.823951495
1994,6,366,14711,44999.889357413,44666.2637308361,2204.5424746217977,707569.63757872,96184.1249296962
1994,7,22,1195,7958.5413505,61217.2986513,27568.98989,355954.980391,110346.72313702
1994,8,12,63,0,7822.383042,36455.21743416667,146014.22671,34993.562249
1994,9,26,1460,467.06386804000005,3448.67333111,8971.359712004,438451.8186802,7004.55825208
1995,NA,1,8,0,0,774.46582,516.60083,88.745262
1995,1,75,576,2793.4105683804,13789.25704499,4544.723649213699,387514.1767417,55492.11751532
1995,10,285,4373,30774.850647282,18503.9780600159,1413.038133327993,304203.7309954542,64044.42976676
1995,11,23,68,54.50687363,1464.505153158,19233.625066213182,63208.594467299,12503.32039286
1995,12,76,2069,11690.394569189,27691.92190343,6748.4611293405405,326439.1954561303,51487.381192002
1995,2,126,4315,31499.72345928,67874.151344214,10099.892527879365,1137901.3197793,117307.98875778
1995,3,382,10351,30921.418426377,50117.095787194,3706.587990655995,1252044.8764449798,157746.88118759
1995,4,42,1243,4266.8626054,40304.7449196,13706.317992439024,521159.290917,74539.0775900996
1995,5,127,5401,18073.691941949,26197.165789379298,4583.91421453748,596994.517849004,84150.45590778001
1995,6,403,15656,49583.40422258,56898.5219447795,2117.155679490865,791361.73669559,117524.032936579
1995,7,27,1128,7958.135229,57202.8522196,22390.488264384614,351870.4367417,110719.60100784
1995,8,14,56,0,17153.49201,34227.62553571429,160628.99487,45183.91524
1995,9,31,1496,456.0945789,5110.506174729,7580.397748806452,421849.6123779,11248.87235481
1996,NA,1,10,0,0,646.55493,463.30649,79.444275
1996,1,85,606,3365.37053413,15823.18656581,4220.421422562195,395400.88531897997,57430.25173526
1996,10,337,5103,36122.943088609,21713.8570768528,1329.6094943583832,346513.8344299942,75232.348243199
1996,11,22,92,81.93799881,1826.1320002989999,18674.300460359093,48793.3203531,15925.27807088
1996,12,82,2433,12077.977345770001,32345.0719499965,8679.51599661605,440691.25548645103,65849.43523028
1996,2,134,4511,31035.169260579998,80338.92802256,9302.457743688721,1078671.26413231,115406.40843049
1996,3,414,10892,32153.672796301,57380.360721366,3452.472437619902,1285385.079559688,158516.61851798
1996,4,45,1171,4593.6456522,48416.4536514004,13993.846257322222,633084.91679337,92747.023590002
1996,5,123,5531,17947.939326593,28655.61273909,4727.109848212114,594486.29293797,81319.8065967
1996,6,464,19283,56214.883832278,69685.527186543,2019.3229238480624,872250.40969808,125685.507645275
1996,7,31,1036,5974.07475391,73734.9204958,22418.06927132258,419966.62960082,128027.1811159
1996,8,16,39,0,16855.929365,19274.074975,104632.46059,30493.58322
1996,9,30,1502,346.57674571,4810.973544149,6629.819570962069,312252.24782809,7874.5982607
1997,NA,1,13,0,0,562.79266,383.49899,64.093979
1997,1,87,617,2893.236809281,15542.509607420001,4300.175477952381,397991.7042248,63339.55331951
1997,10,384,6303,42919.7322148501,21389.3084593345,1211.8529162317914,353139.3765588218,79738.06705339
1997,11,28,107,109.39447424000001,191.5720256502,14471.030198067858,37813.128332491004,13612.255302729
1997,12,80,2277,12338.726073327,34208.08148751,9020.726255881578,450103.467266263,59555.41314138
1997,2,132,4862,30465.05338959,91699.42921853,9613.738166489231,1070830.80241405,129536.80642593
1997,3,413,10807,32085.6021890212,54420.672271574,3425.883707055284,1262829.331109709,156597.62971856
1997,4,44,1060,4591.9173793,54997.571899399,13518.92783475,610771.92154105,92597.484389701
1997,5,123,5854,19236.55481696,31276.2572391739,4777.2301926122955,587397.7993405,82962.19591234
1997,6,481,20472,64711.133202799996,66049.970553044,2004.8570344127468,895568.039436088,138256.53211861
1997,7,36,502,4916.0090255000005,92384.23631499,23812.789427205884,474973.625951,159374.093839
1997,8,18,50,0,12275.4597,24623.77366111111,154272.98895,40248.30545
1997,9,26,1405,339.04740017999995,6499.5274966191,9187.405748072,358882.20730068,12651.09791763
1998,NA,1,12,0,0,637.82806,382.20035,53.812363
1998,1,93,797,4327.1578454499995,15531.12098088,4587.344193066667,439103.888752,68841.3823492
1998,10,438,8228,47060.220981814,23904.10800373963,1214.6766678481413,390524.278473835,89444.416319338
1998,11,35,133,191.86301369,3827.684344349,49807.888793337144,194453.37267786,65328.825587994
1998,12,108,3174,14491.303787772,24958.7978036691,7416.797357636519,397934.237470807,66302.7072945475
1998,2,152,6382,41195.604651718,117913.083317304,9650.201072026513,1305579.022978507,165864.36949488
1998,3,430,14223,36046.463819641,61885.075296157,3601.6074575548237,1373320.158553299,159431.116796139
1998,4,43,1187,4639.3841611,62328.8697298,14569.60378783721,525970.2322398,72340.01100883
1998,5,134,6811,22137.83670787,29142.66033951,4993.350317234436,600716.194499089,81713.67629387
1998,6,585,30033,78956.43637505,67680.1978066314,1854.9639292685567,1013607.9757378988,151244.2795357875
1998,7,35,821,5946.0247279,99185.1635903,28529.138574657143,513123.470271,178586.892085
1998,8,19,61,1.249,20192.613307,27068.42494263158,173757.07401,46512.32438
1998,9,35,1706,420.13366802999997,5557.43417152,5927.580544402857,326852.3006009,10536.3946848
1999,NA,1,14,14.342119,13.025882,720.88892,447.78418,72.997581
1999,1,83,913,4767.17420751,15357.058809722,4840.471743204819,426321.3706421,64851.67203127
1999,10,453,8215,49408.115255151,27041.2500893108,1317.6629873811883,428839.286651279,96559.739063007
1999,11,47,180,265.9945008,4351.254931008,60749.34540393617,267904.742998082,130861.747414259
1999,12,101,3640,15129.8730862692,30555.472562555,8558.274589769697,414793.497993089,68020.94047447
1999,2,139,7213,51297.452304412,132260.531988401,11888.98783121073,1383881.2626707,174701.2817784
1999,3,435,14762,44654.296424584,79389.104424285,4099.790944326919,1519606.747261602,182200.799929509
1999,4,50,1246,3931.1795543,57760.2681485006,16579.651464418366,673533.59484897,99254.5703199
1999,5,141,6992,23485.456910099998,39270.4445764937,5044.820739506357,600208.62883439,82307.53472652
1999,6,610,32071,84411.23830942,76238.293500891,2199.4014922318615,1158577.15501453,193743.179251438
1999,7,42,927,6889.07006973,133939.920840099,38370.01595188095,658393.4039922,222230.265921
1999,8,19,53,1031.4111199,37773.024734,29484.355053157895,194157.9107,65501.456568
1999,9,39,1648,613.96347199,12964.13383691,7623.459300657894,417751.479886,19270.46806119
2000,NA,1,14,12.759784,15.10586,615.24658,394.80316,64.844276
2000,1,88,911,4769.62013726,16265.92010947,4826.150822975,440227.08294,69841.45828581
2000,10,451,7951,57363.930048839,30623.7397295577,1459.8411811369006,468113.08856501663,112965.0731900974
2000,11,56,231,315.42993205,5961.0018454316005,82657.73392232909,454553.85581455,168720.26177272
2000,12,127,3848,14240.312002649,49513.9433090414,8513.333699900788,581006.52597454,102789.6224249018
2000,2,149,7461,50269.04066451,131089.901754915,11377.943009210205,1378480.7359054,168916.9550993
2000,3,461,15573,43301.069728322,78419.1056108257,3887.428199113791,1515685.943255171,199047.713317908
2000,4,53,1392,4234.4788535,62340.7517850996,17822.85679526415,1057952.61405763,187588.0026489996
2000,5,137,6768,21157.71274098,33771.5109516535,5394.35127290438,639114.08046642,91907.8886636
2000,6,647,34761,100502.543016374,104776.708922286,2508.0750321766823,1315529.343892862,230923.7680154868
2000,7,47,933,6516.60408559,165142.47605729,46018.20721704348,730813.3720250101,249413.141216302
2000,8,29,71,236.03616,36590.3454065,21726.619762068967,274721.64631,50485.4576304
2000,9,40,1608,896.57769188,16715.971810798,7795.3498668525,461163.12337508,25110.832733919
2001,NA,1,7,12.924884,13.113514,550.11115,356.99994,53.087849
2001,1,80,918,4927.73038752,16287.46180934,6258.6139717820515,486252.589607,76859.4616128
2001,10,472,8382,65747.493591609,30455.7200786276,1520.1291294422708,482926.3157077496,118961.718358764
2001,11,58,269,439.47441753,4670.1023276282,59192.15450817579,339006.75756897,114217.967611078
2001,12,129,4235,13975.703428198,43355.2171057138,9044.833986352047,605622.059519226,79720.160032719
2001,2,142,8268,49833.65768885,124626.691570687,12316.084448871632,1363416.14987382,144403.2340691604
2001,3,441,16196,47914.6324724141,79385.342270079,4117.619389738881,1514562.24408741,167775.8849786311
2001,4,46,1211,3884.0719851,59279.8727376005,18963.43965630435,901178.75802996,159088.295566004
2001,5,137,6997,21434.14978619,32527.0841784067,5235.185686964779,611761.8067281104,81336.993118951
2001,6,688,39096,105999.83716262,95617.2917989556,2434.4418695551676,1269737.700137611,141541.084162256
2001,7,44,948,6944.65103998,141805.7969741,47971.097206697676,726130.75187802,237176.969319
2001,8,27,72,232.14327,33185.647918,24185.76441814815,310977.98422,68883.669009998
2001,9,50,1847,1045.73848458,21202.5290577701,7803.877883288,692785.9353634,37364.962834431
2002,NA,1,6,16.105881,13.947186,578.00714,387.03018,48.654934
2002,1,83,863,4986.06533179,17536.65134077,6350.3964661463415,520814.453884,84560.29286405
2002,10,463,8821,73094.42949414,33861.369732489,1667.6487498357017,535402.1339255138,131433.338047816
2002,11,48,276,516.96900387,10335.525493611,109315.43366571915,385826.1490648,177939.89250271
2002,12,120,4721,12787.579251995,39658.3904225991,9147.098408304539,535431.0817194098,83031.484194354
2002,2,141,8492,57254.39602905,131413.086324409,14415.495413832608,1575720.848829,178724.6598953
2002,3,448,17279,49722.271253507,72896.68196523043,4232.408294685016,1607461.408009348,179496.1418073452
2002,4,49,1230,4471.7358709,88900.9840444,20548.734452283672,938374.79901199,157062.18099899
2002,5,136,7076,22158.88872868,33778.64623636,5751.6663738830885,666483.7920042,92430.20961823
2002,6,677,40085,99479.14183334,71268.4264925046,2455.2814198859132,1230075.383891338,162289.8343110136
2002,7,52,1164,8189.061878212,117913.115614907,38718.954900554,830656.03755211,255419.44386159
2002,8,22,59,232.01665,29355.7519008,24273.575808636364,207197.621368,53482.799409
2002,9,40,1974,918.0547087708001,26164.3644447494,10961.90673418,765533.26164122,47535.007482099
2003,NA,1,21,19.319723,16.7001,678.90631,483.33017,59.866104
2003,1,76,862,5233.92484419,17843.98424871,7314.095506259079,520183.44184,86367.95829299
2003,10,473,8965,82997.056944719,35830.582375975,1964.1415186048812,564641.0600848017,147978.6931526193
2003,11,61,327,551.25229172,9977.1320752029,140867.17229692,573438.065902198,228902.0320841
2003,12,98,4439,12388.867077032,38373.2815018766,12220.949952110619,638284.74090134,99734.368571372
2003,2,144,8460,67431.265287711,145177.72845483,16227.29594425139,1798402.9694067,202208.68950792
2003,3,429,18139,56140.02202873,76844.723005347,4941.38882502021,1788797.6924158898,195389.312017153
2003,4,47,1335,3907.0956859,87717.2196675,21835.467201514894,1069266.69018905,183088.23013398
2003,5,143,6518,24091.430228907,36095.091904856,6115.50091147824,756445.77644109,102554.49913507
2003,6,707,42654,104251.31322544,71129.8475548666,2555.543093918312,1427431.213224456,209445.507832924
2003,7,52,1058,8698.195525663,107690.463359391,38180.80498103922,901471.5504889,292246.8690197
2003,8,20,62,223.69852,21181.686862,23888.3681035,180458.10376,46410.415229
2003,9,43,1897,1031.13495778,23159.23060577,9953.855761465116,759087.05141398,47001.10091735
2004,NA,1,16,20.192558,18.089167,679.76007,514.52698,64.877945
2004,1,76,808,5674.63340443,18360.13424068,8023.894848563158,612182.4212591,92813.16442480001
2004,10,460,7351,92253.286403292,35397.66854512872,2335.2003624459226,612994.2136047279,165371.685886578
2004,11,54,373,506.54618990299997,14205.693274227,157480.9728766663,561114.82207802,253328.4276034
2004,12,107,4476,13427.857419629,53255.8729040067,14147.25050687566,810020.5091389699,131358.2379381894
2004,2,136,8675,71967.223422279,166241.284979515,18393.85809497206,1935915.8127478,221514.94319677
2004,3,407,18478,58097.41628364,89020.056546023,5443.021438298276,1972000.22414885,250140.14634471
2004,4,49,1385,5064.5411002,121927.46038019999,27934.501301145832,1507838.408706,282331.4817013
2004,5,129,5599,24373.033365199,35965.3863777211,7307.248037638583,842550.50565899,124743.29705239
2004,6,693,44910,113490.3279289334,107066.3159655737,2839.351966279636,1636885.729291398,263905.215327077
2004,7,49,1273,8713.0682235,116653.05413311,40382.22738310417,947421.0974021,307820.9208378
2004,8,27,59,215.19098,24791.670434,20006.560207777777,203318.3756,53248.099981
2004,9,38,1405,1118.17264246,34296.1039297999,14029.344250710526,1000682.595728,66809.53961137
2005,NA,1,12,21.035011,18.956957,655.44421,504.43317,62.604603
2005,1,60,690,5786.059096301,17095.075278809,9214.116671216667,502345.8279312,85218.93697391001
2005,10,420,6171,91442.746019418,33937.6491093782,2553.397110354593,639942.9991469689,173083.11038035701
2005,11,63,382,562.5362712,6526.3746255597,148642.03707540795,555384.900886,276862.52915808
2005,12,93,3922,13719.746631219,46715.2807118769,12545.321313281484,655170.8550204999,111515.475496999
2005,2,129,7796,69008.276613991,170666.1729573817,18687.781129249845,1856831.26268582,191079.08924662
2005,3,374,15819,56012.6825446594,94112.195640539,5889.064672800275,1966815.935208697,260760.992810712
2005,4,48,1183,4744.4519977,106669.3135284999,27362.730263333335,1581908.2252279,307588.7095695
2005,5,133,4225,23034.91187909,41135.250649208,7163.826588629546,882676.98530977,131373.3353924
2005,6,672,41009,111642.412035198,109246.1871436134,2938.175468929922,1666560.962047318,273156.382414269
2005,7,43,959,6465.3021288,111889.25450395,43556.094750139535,832508.23686001,271636.5100054
2005,8,24,62,177.60165,27249.518839,24746.222435,228397.35125,55847.831721
2005,9,46,1153,1269.825363769,42711.84458035,14814.245445836888,1193141.008154,84704.078565888
2006,NA,1,16,20.240383,21.595388,697.11603,551.32599,76.845703
2006,1,72,838,7297.8132097,21672.45743132,8851.973770458333,582089.850881,97459.50880947
2006,10,447,7710,113146.56723117799,37271.00027761833,2653.7370474854383,697972.5428244529,189946.5645375
2006,11,65,638,639.73570581,19451.923896896,234988.21278159626,1078998.515759294,506007.17091035
2006,12,108,4687,15077.849904369,64587.002515021,15629.996458067382,913514.697097719,150598.21772489
2006,2,130,9527,75523.65298379,198216.4046059899,18641.078505457364,2125702.0330443,220184.80449562
2006,3,384,19435,61282.84299774,106561.5586687521,6250.198187837921,2171522.69851798,293182.409746069
2006,4,49,1484,5703.9856979,154922.89193869501,31625.262377791838,1802824.50792,382452.0257291
2006,5,125,4578,24365.408347359,50356.735473089,8913.1526805384,938569.07433943,146389.93385202
2006,6,667,51380,131248.70215809,124596.4293161683,3440.0610869791008,1931139.887450103,304186.378019404
2006,7,49,1093,7095.22846048,136081.07387851,45045.476392916666,974960.234962,311142.9113825
2006,8,18,39,176.29459,26986.84706,23827.941422222222,162530.40611,41693.92767
2006,9,45,1194,2058.31121282,49233.933747318,16485.182414317776,1340745.0035206,98321.51971376
2007,NA,1,25,22.977865,23.118402,799.94891,657.88568,94.260445
2007,1,70,831,7875.6046135,25093.968267689,10517.652398397058,680394.53820697,119506.1480414
2007,10,427,7105,126196.81243433,41744.4791188159,3261.3763015491704,779642.3106626538,217620.89455869
2007,11,67,596,556.3380041,25033.6813542,281877.7496618788,1348299.43501499,622239.77929093
2007,12,97,4191,13857.133974929,81478.9660738299,21488.866248653645,1024747.38082808,198483.1470357
2007,2,124,8722,87146.874245653,187327.580146106,21163.52723484553,2322288.2312397,272238.89934805
2007,3,356,17322,71288.18360047,110890.66207476,7036.448703534464,2360378.2316916,311661.470906731
2007,4,40,1419,6788.741453598,189097.641681411,46667.313240245254,2005326.7243151,423016.81651576003
2007,5,128,3911,26922.29650457,58463.03359294,9304.849611312813,1051599.9636122,163821.933570301
2007,6,677,46671,150638.663964221,137143.4612617966,3825.1679384834288,2219945.60976191,352489.8848607436
2007,7,45,1042,8820.95019396,141911.78376501,51333.002616693026,1066301.284746,334097.7154946
2007,8,19,39,196.91298,38918.03894,29549.444242105263,188870.87388,54714.368403
2007,9,39,1021,2441.80360472,55417.427160229,20720.92171723846,1516479.27041102,101722.75213337
2008,NA,1,6,21.954178,15.685896,768.25452,600.50958,73.578903
2008,1,69,799,7919.2185116,25902.87527711,10403.859968985074,708903.616988,103094.98812498999
2008,10,396,6786,130533.062297585,40957.1042120681,3582.2612873203584,822075.575805709,231992.194317099
2008,11,68,646,634.2570006,20357.12251167,269133.72041878506,906049.75509942,157433.47349405
2008,12,85,4367,14273.019307262,79188.8668243772,23489.924242791665,1036484.02317396,178381.5828569
2008,2,129,8353,86790.213182112,173764.214798604,18707.753801408828,2040028.96257856,159407.40854759
2008,3,344,16838,69159.22166905,123401.912687869,7557.749951538011,2455611.175891726,288590.26816787
2008,4,41,1465,7348.7041951,236403.95197099991,48003.2284399975,2604755.854529998,464421.52972399
2008,5,125,3556,27749.48483975,60797.9015730099,9631.410887384354,1108262.9207821,154150.4056171
2008,6,641,50094,158335.72860836,122158.09773314,3924.8618078738364,2230461.70751432,342489.600581211
2008,7,45,1266,8911.06579049,144441.22072813,48750.29089791111,1085650.957172,351292.1717636
2008,8,18,37,192.79779,40084.21118,30125.629166666666,181962.52041,45589.4215
2008,9,37,1004,2718.08504452,51663.34497795,22363.796516,1576498.5508282,91104.80644005
2009,NA,1,12,21.642092,9.2216921,828.7113,516.93896,40.213852
2009,1,67,881,7566.887643401,24660.46480965,12377.67789063077,695419.0115139,111677.8569529
2009,10,396,7071,113737.45993429,36544.1811589904,4200.1714181054185,817596.1831914311,241231.096015371
2009,11,84,833,684.0092934,24702.4436855571,269156.54928364215,1286325.31695903,240998.67882101
2009,12,87,4647,14022.220443759,74805.9858050528,20711.50194320814,993133.883032181,160035.66266006
2009,2,126,8717,82808.36586866,125510.121206977,22678.52376564597,1942541.74879728,124442.05238451
2009,3,348,17954,70713.150805741,90447.854593326,7794.932978123041,2137355.59768704,213235.56066697
2009,4,48,1488,7050.959575864,241939.5658548759,45965.08563046366,1734213.088639,338925.4069883
2009,5,124,3745,27038.70588712,51907.7541238318,10374.679385050413,950921.14072379,141335.2671361
2009,6,631,54358,148548.393872001,90750.1973512284,4147.447772188907,2125114.160542672,333954.686437713
2009,7,43,1439,10062.6131905,132221.1335292,52406.34001883721,1086538.479564,341403.6967721
2009,8,24,50,278.88666,45479.48741,26705.1729,201290.91345,56887.88164
2009,9,38,1087,2995.00783582,46275.690072781,22617.590292105262,1477006.615294,102056.07866976
2010,NA,1,26,28.409945,25.285456,983.02032,657.02368,73.986496
2010,1,73,1169,8869.7454008,28153.96519684,13641.860203558572,778764.62444478,133221.5065492
2010,10,434,9833,127251.9383443804,35131.27218965003,4025.3736262406296,888301.604884241,264700.567910433
2010,11,86,1206,827.22875057,24440.25846282583,346290.3761503619,1579261.96504602,627370.00117047
2010,12,103,6107,13656.04985553,76557.9909383752,19726.966246440305,1032422.229409365,221348.855260369
2010,2,128,11027,89301.88259728,131474.2490621621,20415.653014711814,2142096.8911747,234458.50911346
2010,3,348,23061,73847.81107159,101273.016900396,8602.23556381548,2496110.07196297,304379.995880199
2010,4,54,2179,7652.9846193,260296.6095639,48977.52501649438,2230405.760990094,425531.5635675
2010,5,126,5315,29266.0013322198,49126.461580954,10540.276758419355,1082688.03685157,177904.793459487
2010,6,632,67639,170595.62912464901,134582.9597584198,4710.5335828274265,2482982.736078574,440210.16796856
2010,7,43,2141,10090.21094519,142229.0057599,56032.89416011628,1165736.381759,368501.3493439
2010,8,15,68,426.52211,47872.29155,42153.141213333336,238021.76621,61483.04841
2010,9,47,1540,3129.09991519,46908.988273205,18912.62576563911,1630213.6975383,108691.330984629
2011,NA,1,32,29.299807,18.532642,994.565,704.70227,75.953453
2011,1,70,1286,9127.6165571,30938.40051488,14334.144786188406,789344.65173220006,135210.10603043
2011,10,458,10239,129629.322469685,36952.29700405993,4017.0797573728346,940100.5970986295,279605.45967446
2011,11,91,1299,1026.49101311,26091.2640083886,304747.6963439338,1505722.15864598,611459.007172997
2011,12,86,6209,17945.817922588998,103828.0605697441,22672.197293394187,1029523.916929484,241165.16448886
2011,2,137,11362,97237.82778063,133081.573543517,21189.41164588456,2331322.3339002,240105.6417563
2011,3,353,23782,79288.32190773,119787.5829393884,8786.23524792894,2653781.3614764,311848.12498014
2011,4,58,2081,10519.58126899,292336.39540276,50456.79109531071,2670713.2250767,499567.69398228
2011,5,125,5363,31148.227177499,58229.6818869712,11121.520967569275,1174035.55606,190684.1239007
2011,6,643,67773,182152.830241434,150712.4994847843,4955.251064874935,2611203.553117952,457730.8801879389
2011,7,51,2726,10052.44441679,171155.72648617,53167.726819460004,1319336.07252071,413924.1202483
2011,8,15,71,293.593537,35593.16933,37909.34442,170482.2775,40846.29902
2011,9,47,1542,4903.18233417,64924.11660352,24246.67062295745,2170035.802268,135199.8149421
2012,NA,1,23,25.973951,22.161749,890.2821,611.33295,61.536816
2012,1,72,1496,8855.9837428,30215.58207981,14002.629848366198,804238.4345378,142095.3625064
2012,10,523,11690,133990.678372632,38883.55279577423,3598.794988830861,943795.260659123,283029.172763168
2012,11,88,1634,936.08719091,14489.8852763468,319710.23623808275,1382110.51674126,600544.39483714
2012,12,101,6950,15506.99153743,109444.43383618807,19451.798306891,1067727.087620793,172845.2926874
2012,2,133,13216,99351.81759793,154033.167734105,22789.32362328158,2443836.18115,244349.049011108
2012,3,348,25753,78159.7795903791,128382.5103131121,9479.476994271015,2654557.70540543,305836.55892038
2012,4,58,2123,11250.532188187,354677.210095699,54296.79969032931,2900533.561463005,509114.0415943
2012,5,127,5753,31449.070825,62782.025507399,10901.816565053858,1160902.456493108,188642.1173832
2012,6,644,75185,192513.444580641,149634.52833737884,5153.796952706445,2674549.545793193,492537.68992659997
2012,7,51,3566,10786.820476193,185116.618687922,54323.545220683336,1397275.6565931,411918.370858379
2012,8,19,104,178.81248,53907.66421035,41589.68520981789,222243.93752553,54983.3807836
2012,9,51,1940,6818.80344263,70684.4272485,23440.773464215687,2155486.925312,139222.19927978
2013,NA,1,19,24.633364,13.884789,821.01825,629.09747,63.433094
2013,1,66,1635,8989.9043077,30088.67146473,16088.812516061538,804033.8210462,147268.2194383
2013,10,568,13324,133097.845594502,39832.03321345773,3356.436671357592,944885.7945634879,267751.878688663
2013,11,92,1924,977.160011502,20024.3128736927,335354.29414347495,1452449.89262801,660035.393148604
2013,12,107,7559,15407.34500069,117764.5241263815,19785.88920699716,1172331.940806308,218330.6072929
2013,2,136,13970,105340.474655321,170849.9592723668,24044.130193894074,2572182.91875574,272953.17489059
2013,3,345,26372,76659.21938539993,119934.2528220548,9408.426156332675,2686126.86073318,322183.13221714
2013,4,60,2628,11597.702933999999,350171.56678727,51717.432855420004,2712245.041989695,444183.84246739
2013,5,123,6047,32838.08693848,65366.859205807,11544.039143389593,1164892.424908012,191564.6367204
2013,6,653,81368,199669.820999832,152470.1227769502,5384.4961514873385,2695773.6029613228,525134.571887108
2013,7,52,4317,10855.18061283,202562.001335182,55713.77015111596,1422516.87791302,447952.62979548
2013,8,19,72,120.60347,53692.2495,39576.542999789475,216595.19877000002,58120.362228
2013,9,47,2304,8843.8328927,63150.318891257004,25049.953374831915,2136451.6733750002,130873.67733487
2014,NA,1,13,20.349209,11.525659,738.82642,541.67261,61.4813
2014,1,68,1812,9055.7712702,30964.59321953,15741.06086675,797065.761379,150389.11208903
2014,10,552,13274,140155.989046644,41483.26085832073,3764.916722213663,956564.5116557919,274737.66848106
2014,11,93,1837,1082.14100142,23397.339712650828,346650.7723915768,1670473.49159382,684090.508099012
2014,12,101,7999,14192.0940977,109631.757780021,20208.7469769588,1109311.182266919,207622.15681047
2014,2,131,14362,100813.274434031,155075.564388119,24630.418740546564,2447959.83725015,268210.00953184
2014,3,345,28052,72005.930065471,107366.199572812,8731.310832706638,2475398.53744649,313353.99140814
2014,4,64,2838,11299.06178271,359406.4978366,50227.95785132969,2684407.523195372,409808.8839042
2014,5,121,6325,30656.1693067,66414.108016184007,11659.274303407603,1107668.6040225,185320.66944271
2014,6,643,88896,206133.380885053,159477.7570185037,5783.726251753579,2651099.223243995,544733.331914406
2014,7,57,4773,9794.96565481,189903.79365284,48218.007954631576,1346771.91180002,386764.3279477
2014,8,17,87,0,46446.877513,42839.47094823529,213763.30999,61799.11502
2014,9,44,2698,11153.582735,54694.28559503,26343.814608318182,2005083.053944,122950.93837339
2015,NA,1,12,22.382885,17.701614,790.54742,591.92273,71.473938
2015,1,69,1736,9751.76072157,31857.45120043,17341.181976228985,779225.18781899,155169.14876301
2015,10,536,11921,145367.456884634,45327.0518246291,4280.333167330094,966168.6029724651,285909.637263838
2015,11,68,1460,1017.49902907,23721.0552609911,383084.23248074116,1339658.20586668,584531.95813
2015,12,97,7933,14471.41541577,76993.566463382,17186.559459614225,984242.8385045,134539.6780971986
2015,2,126,14919,100092.5706882,185145.50441221,25824.2421345,2457845.944271,284153.985445902
2015,3,352,27156,75019.188862441,108194.036901541,8326.539736869432,2400689.35795731,294704.70393397
2015,4,58,2850,9284.6525772,261347.6538682295,49649.23562268328,1770533.247612268,208444.065545798
2015,5,125,6072,31047.13378613,65170.4862274622,11065.5292622296,1028972.8147499696,189319.97147572
2015,6,611,85399,215586.598165204,172041.2168264228,6545.18677033231,2765063.675486283,582407.739478114
2015,7,53,3966,7528.3118101,187829.966542858,54582.81347860378,1335133.46584104,417643.679403
2015,8,19,85,106.33428,54412.378977316,43534.64383413526,224642.42168094,69997.67759137
2015,9,44,3130,14379.68085323,48046.91442696,26038.659048363636,1870749.830591,120213.20703622
2016,NA,1,19,26.726477,17.943254,834.36133,600.80298,76.187057
2016,1,60,1850,9458.46416068,31667.6173272,22005.107190694915,732018.999181,151964.79495221
2016,10,512,11359,152572.5146392879,45736.6421576271,4584.994086249401,980659.2414040822,292634.9636426
2016,11,68,1470,729.0509919,24168.1908553982,395340.7890036397,1317426.97526819,522034.225375008
2016,12,97,7902,19021.3164434,83957.5558114728,18973.50844728175,1104534.51534124,178780.299482981
2016,2,115,15304,99988.721237216,173795.56754335,29665.322216234435,2415484.44831601,295640.4746697
2016,3,329,25506,69127.4902664178,99307.489934662,8757.426098147598,2207526.3198139598,278749.071243136
2016,4,62,2929,9105.27355105,185936.87399911,46276.50733230645,1547440.060964005,218930.37013962
2016,5,119,5537,30031.42227357,58790.180604543,11826.155405823445,951549.04182229,187075.4924282
2016,6,556,85999,225134.05758619,181962.3935821454,7793.125050934014,2723048.257160392,559501.516414304
2016,7,54,3633,7472.5102385,193973.96043162,54317.7183562037,1373331.1754156,420629.66995807
2016,8,18,83,102.10609,58461.5215,52863.65191105555,223505.6584,80471.5799898
2016,9,42,3700,17803.83423796,43243.43666087,28774.680007261904,1913197.775392,132701.63893877
