year,country,count_companies,count_patents,sum_rdex,sum_capex,mean_assets,sum_sales,sum_ebitda
1980,Canada,11,70,184.2914621,3620.3317840699997,2562.4712039818182,16553.0063488,3842.37606602
1980,Ireland,5,259,208.1820029,342.7639903,1218.55838,7786.71309,964.250018
1980,Israel,1,1,0.28400001,0.199,10.642,5.1960001,1.541
1980,Japan,13,1797,2467.443022,4279.217028,6729.263036153846,139274.24057,9129.88805
1980,Netherlands,2,364,209,1717.70001,12812.502,30811.008,2608.008
1980,Panama,1,20,54.391998,53.210999,707.51001,579.51398,111.004
1980,Singapore,1,2,5.6799998,1.473,42.174,49.779999,13.992
1980,Sweden,1,12,231.3,343.005,4043.6799,2859.842,366.216
1980,Switzerland,1,3,0,0,63.967999,0,-2.2550001
1980,United Kingdom,5,124,277.528,4514.175001,9730.599818,59162.3663,9705.813909
1980,United States,497,13436,23532.417984903,130386.07998348,2452.2788769077347,1313926.553108467,191405.6812468708
1981,Canada,10,97,245.931353,4344.272239,3607.260922,20600.6501,3903.968581
1981,Ireland,5,273,272.856009,394.691993,1324.284592,8558.89292,1004.05201
1981,Japan,13,2333,2727.344025,11771.124903,9668.574323076924,147984.5997,17270.64996
1981,Netherlands,2,415,1377,1597.29999,12185.502,30555.008,2623.008
1981,Panama,1,25,65.515999,75.085999,771.23798,710.88202,148.49699
1981,Singapore,1,1,7.5739999,1.114,43.353001,40.036999,3.2709999
1981,Sweden,1,9,247.5,301.10001,3988.3999,3036.699,513.49902
1981,United Kingdom,5,136,331.149998,6054.375,10062.004222,58168.883,7747.463008
1981,United States,499,14543,27097.6280947474,146150.6241290037,2472.7505184079314,1424067.7325454103,200204.454472885
1982,Canada,16,96,346.4125434,5159.87941669,3069.22894118125,23835.085805000002,3476.36386098
1982,Ireland,5,272,273.2979972,285.458005,1219.763168,7449.15311,693.0269999999999
1982,Israel,1,1,0.53600001,0.63599998,13.843,8.1809998,0.70899999
1982,Japan,16,2598,3418.931019,12736.083326,9006.880348749999,174307.2402,18584.034050000002
1982,Netherlands,2,424,1399,1325.29999,11509.002,28887.004,2481.004
1982,Panama,2,35,83.611,72.28099697,433.69250969999996,825.65601,190.27999999
1982,Singapore,1,3,9.0900002,2.217,53.688,54.159,5.645
1982,Sweden,1,12,224.09999,232.10001,3485.7002,2760.8,428.19998
1982,Switzerland,1,1,0,2.017,67.042999,8.2369995,5.7730002
1982,United Kingdom,6,110,778.808012,7193.616999,10148.049321666667,68081.5918,8328.313971
1982,United States,496,12747,29737.8668602476,136698.809527791,2552.0141600300612,1368229.4034675101,190766.216932883
1983,Canada,14,103,423.741157,4324.9296681,3939.600992642857,30343.70559,5111.3674009999995
1983,Ireland,5,292,272.0030021,229.112,1272.611794,7344.42206,698.952989
1983,Israel,1,1,5.0180001,18.709,291.54401,132.073,24.691
1983,Japan,14,2750,4066.158992,12863.9719,11829.884214285714,197489.5969,20554.0799
1983,Netherlands,2,416,1261,1292,10939.002,26766.004,2509.004
1983,Panama,2,30,99.758003,86.30199899,507.12350005,884.64101,213.05500999999998
1983,Singapore,1,2,10.331,7.0640001,89.997002,67.314003,3.921
1983,Sweden,2,25,543.3,507,5180.94945,15380.3,1139.79999
1983,Switzerland,1,2,0,2.375,61.881001,8.54,5.152
1983,United Kingdom,10,164,899.059993,6447.107,6560.498009,79435.6582,10423.283044
1983,United States,514,12794,32351.9849030842,117893.0269312131,2926.9408930426875,1429531.956383332,218702.937989092
1984,Canada,22,137,423.74369552,3453.845799604,2404.5906445238097,30110.5088461,5665.7082177
1984,Ireland,5,371,287.3450072,281.865,1323.941244,8465.88709,1051.951003
1984,Israel,1,3,7.4699998,16.993999,306.17099,147.62199,-10.838
1984,Japan,17,3810,4706.7429551000005,7922.6149590000005,7724.1684888235295,190497.06278,17008.508228
1984,Netherlands,4,576,1389.066092,1779.145003,6337.508005,32316.95094,3171.844027
1984,Panama,1,24,117.162,82.026001,1093.114,916.461,204.43401
1984,Singapore,1,3,13.679,7.0289998,115.391,119.641,25.377001
1984,Sweden,4,56,667,800.5419899999999,3987.2682,18886.383,1938.6699800000001
1984,Switzerland,1,2,0,0.54000002,53.637001,16.139,7.5339999
1984,United Kingdom,9,195,1109.206015,8227.657025,8572.769788888889,84537.9439,13945.278411
1984,United States,573,14986,39912.876948247,124739.613913876,2556.0594874839285,1502466.3835459584,229723.494529635
1985,Canada,18,177,529.82483509,3231.6598613,2671.3102952777776,26039.076448,5032.52939411
1985,France,1,141,393.60599,480.58499,7036.9531,4343.5161,287.043
1985,Ireland,5,392,318.8570151,319.92100600000003,1593.114582,9298.13102,1113.992993
1985,Israel,2,3,12.8360001,13.4270001,177.215995,215.26700599999998,-59.133998
1985,Japan,17,4450,7990.448163,77312.86220999999,13938.779523529412,290689.69,33787.502242
1985,Netherlands,4,619,1955.21599,2785.918,8041.3165325,43889.50899,4215.65599
1985,Norway,1,5,50.385998,835.849,6023.0781,5529.6411,921.32001
1985,Panama,1,36,127.714,55.223,1226.343,948.54901,217.308
1985,Singapore,1,1,18.888,11.895,114.78101,125.102,0.115
1985,South Africa,1,3,0,1.7130001,2.973,1.4069999,-0.057000004
1985,Sweden,4,63,857.49603,1237.29902,4990.503549999999,23589.1561,2244.4890100000002
1985,Switzerland,1,7,0,848.479,12226.198,20496,2740.625
1985,United Kingdom,12,273,1829.3729604,10598.347922,9199.42116,113933.07118,19496.769058
1985,United States,582,15483,38273.795214567,126628.1979261602,2470.539458248786,1444915.2717126673,220681.959144306
1986,Canada,18,162,721.38061175,3976.7115559999997,3391.413472411765,30309.24884,7456.73462208
1986,Finland,1,3,4.598,10.551,301.16699,248.638,29.558001
1986,France,2,103,1016.22101,1316.4930399999998,8847.047849999999,13915.372500000001,1404.4579800000001
1986,Ireland,5,350,331.6530087,434.868992,1641.869,10814.25512,1247.6589900000001
1986,Israel,3,16,17.2679996,13.0939999,132.78599866666667,304.64198899999997,7.198000199999997
1986,Italy,1,1,168,762,13678,10066,1016.0001
1986,Japan,17,4642,10626.107827,21545.483631,17697.556188235296,333850.492,36386.05791
1986,Netherlands,4,632,2571.801991,3208.68108,11029.6225025,50076.26482,5141.66403
1986,Norway,1,6,83.886002,1438.537,8601.0107,7687.1865,810.94904
1986,Panama,2,47,143.024,57.40499899,633.818,996.99896,270.63999000200005
1986,Singapore,1,3,11.041,1.4569999,90.318001,64.771004,-3.3590002
1986,Sweden,4,79,1106.327999,2203.66303,6583.47755,28078.4221,2731.86798
1986,Switzerland,2,14,0,949.92398,7790.7129995,23578.3120001,2991.81200002
1986,United Kingdom,13,296,2587.5810114,12590.372224,9819.035544615384,113159.02864,20968.019221
1986,United States,620,13778,41281.886184848,116198.2169876528,2486.154619770422,1435108.19291742,214105.484382125
1987,Belgium,1,49,0,0,NaN,0,0
1987,Canada,22,198,774.19285218,4372.76879312,3115.4289122272726,47154.111644,8633.93796802
1987,Finland,1,8,9.0570002,20.625,418.97198,355.31201,36.450001
1987,France,2,112,1268.8519900000001,1371.52395,10852.626499999998,17275.1568,1785.4029
1987,Ireland,5,421,317.1039987,438.715991,1719.115812,10690.57993,1421.7689599999999
1987,Israel,2,23,14.416000799999999,15.036999999999999,176.60001,270.799,21.6860003
1987,Italy,1,5,215,819,17880,11090,1381
1987,Japan,154,11227,21252.1618393,27479.26805,6341.637808246754,995300.64549,68478.9885292
1987,Luxembourg,1,6,0,27.799999,2141.4001,488.70001,42.399998
1987,Netherlands,4,837,3349.5769099999998,4243.74886,11909.100025,60647.857899999995,6338.485909999999
1987,Norway,1,4,106.128,1271.124,9721.9678,8764.082,1230.6019
1987,Panama,1,41,175.12201,84.299995,1144.6001,1129.2001,337.70001
1987,Singapore,1,2,9.0220003,1.105,83.976997,66.856003,0.44100001
1987,South Africa,1,1,0,1.6539999,5.6849999,2.1389999,-0.588
1987,Sweden,4,115,1456.885,1730.12698,7907.818525,36535.4102,3366.22303
1987,Switzerland,3,26,0,1249.442,6607.531667,27728.775001,3802.12509998
1987,United Kingdom,14,385,3506.2120043,14127.743806,11199.784552857143,138669.22517,25391.197724
1987,United States,699,15608,46453.603002993,108037.4235995235,2402.1525120055508,1590815.593226431,244009.2099319756
1988,Antigua and Barbuda,1,5,0,7.408,110.87199,91.419006,12.71
1988,Australia,1,1,3.8879998,4.8059998,98.737007,219.252,19.277
1988,Belgium,1,66,0,0,587.9989,0,120.64607
1988,Canada,18,161,892.3658711200001,5657.91426718,4136.466803488889,49680.639553,10307.32304286
1988,Finland,1,4,11.007999,17.211,486.59198,380.561,36.178001
1988,France,2,126,1110.18301,1510.86401,14635.233500000002,18311.458,4160.8049
1988,Germany,1,95,2675.1418,3623.0579,29283.891,42651.707,3032.6538
1988,Ireland,6,422,358.3750035,586.8260091,1630.318996,12324.964171,1617.9500401
1988,Israel,2,10,16.4770003,18.9759989,202.398505,329.20702,35.748999999999995
1988,Italy,1,21,310,779,14642,10267,1898
1988,Japan,163,11109,22939.273699,30858.40794,6697.2173295092025,1088266.4149800001,86313.8689134
1988,Luxembourg,1,6,0,0,NaN,0,0
1988,Netherlands,5,707,3147.7181979999996,3838.002999,9447.56814,56849.80377,6038.9310000000005
1988,Norway,2,13,144.98999800000001,1072.602993,5451.95099,9539.8896,1670.5481
1988,Panama,1,42,217.89999,111.50001,1443.7,1271.5,381.10001
1988,Singapore,1,4,8.9689999,1.725,90.906006,83.501999,9.901
1988,South Africa,1,1,0,1.814,7.2859998,3.2639999,-0.77099997
1988,Sweden,4,85,1517.932965,1940.13998,8195.951000000001,36031.4951,3545.15103
1988,Switzerland,2,26,0,1304.6740998,11069.22,27142.263002,3727.1760999
1988,United Kingdom,22,434,4084.4585521,16927.697985,7733.4385154090905,154820.2287884,29428.4980891
1988,United States,723,14544,48244.737808413396,125126.759654562,3179.288371858213,1764336.4563126501,292290.1397902135
1989,Antigua and Barbuda,1,12,0,3.164,118.333,97.997002,14.633
1989,Australia,2,61,3.028075,0,2326.2667,2111.06101,558.67993
1989,Belgium,2,106,0,0,986.061115,723.74005,228.843094
1989,Canada,21,192,1206.59662604,8704.17537448,4410.374962190476,49844.8508099,11979.9514051
1989,Denmark,2,15,0,0,489.796965,1039.6900660000001,489.028022
1989,Finland,3,47,300.14786,28.789,3002.891486666667,8563.77549,616.412751
1989,France,15,427,4430.640957,1999.0749899999998,9401.104858,131445.87811,17380.259379
1989,Germany,21,2641,12795.56161,4311.3999,9942.248463809523,265969.54119,27774.151343999998
1989,Ireland,7,498,392.9730053,620.2909886,1496.0109337142858,13800.761935,1794.5201827
1989,Israel,6,27,64.71100059999999,40.3610002,160.77299433333332,857.71298,94.8159971
1989,Italy,3,55,1043.67523,676,24324.581,46977.3473,7885.95495
1989,Japan,170,13812,23370.4704744,38647.829667,6500.559526627219,1058784.22984,88116.291111
1989,Luxembourg,1,7,0,0,NaN,0,0
1989,Netherlands,8,976,3545.932068,4203.838079,8030.9799025,76240.5142,8487.544390000001
1989,New Zealand,1,3,0,0,224.16649,296.82898,23.337263
1989,Norway,3,13,166.80200100000002,1332.14001,3688.0896263333334,10522.980341999999,1741.4005757
1989,Panama,1,39,245.20001,143.09999,1440.2,1349.3999,388.10001
1989,Singapore,1,6,10.155,2.585,95.422005,96.474998,9.2859993
1989,South Africa,1,2,0,0.405,6.1690001,3.8429999,-1.3150001
1989,Sweden,6,122,1984.465802,2691.2781099999997,7180.711683333333,44805.6716,4822.63833
1989,Switzerland,6,262,497.55598999999995,1587.21,8350.25245,53255.4907,8203.08589
1989,United Kingdom,26,702,5443.2531528,19156.205052,8896.579948538461,213766.77109650002,38802.1528552
1989,United States,771,17913,54160.8050404982,137884.9781737096,3442.643039090724,1918685.009684254,314032.6503691531
1990,Antigua and Barbuda,1,2,0,4.579,118.644,105.351,15.737
1990,Australia,2,39,6.013,240.12999,2698.7781,3120.34518,633.15057
1990,Belgium,2,81,0,0,1159.3827999999999,879.64075,248.69002
1990,Canada,25,185,1273.935191427,9257.3783193523,3857.8119845708,51396.390741100004,11168.782119970001
1990,China,1,2,0.050000001,0.033,1.6029999,2.118,-0.32800001
1990,Denmark,3,18,206.855,225.761,1127.1433833333333,2776.36562,886.160332
1990,Finland,3,45,339.277171,31.969997,3154.8963066666665,9361.09019,631.327454
1990,France,16,421,5624.910653,2814.42688,11084.4597875,153744.17644,18476.335366
1990,Germany,22,2524,16864.16167,4770.188,11683.697435,315305.53829,30963.186353
1990,"Hong Kong, SAR China",1,3,0,0,196.57034,151.78967,39.329254
1990,Ireland,8,520,419.44499540000004,633.7379912,1900.269814142857,14750.4469981,1832.2206989000001
1990,Israel,5,27,86.64100099,50.01299811,252.34459802,1195.40999,139.896994
1990,Italy,3,31,1370.70657,1380.903,31722.25233333333,65440.0221,10045.932910000001
1990,Japan,183,13539,29929.473281,49895.193252,7450.421537704918,1317185.20001,100052.28656051
1990,Luxembourg,1,3,0,0,NaN,0,0
1990,Netherlands,8,886,3926.0570340000004,4292.35411,9176.60919125,87531.9148,9902.77843
1990,New Zealand,1,3,0,0,245.1584,295.84274,34.507889
1990,Norway,1,14,175.85301,951.513,11996.671,10389.629,1817.316
1990,Panama,1,37,270.80002,144,1786.5,1521,455.70001
1990,Singapore,1,1,10.608001,2.3950002,97.18,102.812,11.309
1990,Spain,1,1,62,7533,34390,9048,4490
1990,Sweden,6,117,2463.96436,2423.55795,8199.450033333333,47229.4976,4240.65579
1990,Switzerland,8,327,1762.7472639999999,1987.5079,9410.84738,63051.45156,8516.733116
1990,United Kingdom,31,782,7485.3017488000005,21707.108002,8947.13388251613,273764.466378,43322.962599
1990,United States,756,16790,60272.838445365,147557.7393976723,3180.6004007589304,1991435.41728857,314163.0299192361
1991,Antigua and Barbuda,1,3,0,4.506,121.26399,104.613,15.528
1991,Australia,1,51,0,148.063,2110.322,508.80701,143.20399
1991,Belgium,2,101,0,0,1254.2669799999999,984.80859,247.62183299999998
1991,Bermuda,2,2,0,354.56400699999995,800.4114950000001,625.071,158.711989
1991,Brazil,2,22,33.709969,0,13948.4786,7596.8272,2330.6650499999996
1991,Canada,29,223,1356.790708244,6754.7435422664,3106.45985487931,47118.49749116,7447.87765372
1991,Denmark,3,42,227.778,274.51102,1244.9591233333333,2954.52234,977.04053
1991,Finland,4,53,259.555033,15.054001,3693.1242525000002,9287.279,641.5541153
1991,France,15,442,6105.410003,3555.0869199999997,12307.025830666667,157256.32032,18916.7485339
1991,Germany,22,2430,15235.3837,5404.647,12367.850068636364,336018.52027,31019.334829
1991,"Hong Kong, SAR China",1,8,0,0,227.62985,167.30591,41.783188
1991,Ireland,9,576,448.90500049999997,617.40897695,1793.8842115555556,17953.577500209998,2080.8040699
1991,Israel,3,15,61.199998,47.2000001,329.97367,921.12399,119.378
1991,Italy,3,34,1530.58468,921.58502,33274.459,65465.129199999996,9713.581836000001
1991,Japan,190,14598,34068.5990868,58582.338968,7837.396681851852,1406186.32077,96167.8510411
1991,Luxembourg,1,3,0,0,NaN,0,0
1991,Mexico,1,1,0,0,3911.2295,1733.8383,427.10706
1991,Netherlands,7,950,3127.724325,2014.8840099999998,10957.947778571428,90412.2889,6531.61744
1991,New Zealand,1,4,0,0,208.44411,276.61807,30.552208
1991,Norway,3,21,243.21501,185,4478.0450163333335,11158.146762,1775.7238528
1991,Panama,1,29,315.60001,247.69998,2272.8,1816.9,563.79999
1991,Singapore,1,1,14.303,3.8019998,92.921997,100.193,3.5189998
1991,Spain,1,1,100,6428,38750,11117,5111
1991,Sweden,7,128,2774.950075,2105.98001,7571.6611571428575,46893.62668,3441.60247
1991,Switzerland,8,317,1735.41577998,2067.694200005,9864.309500028572,64903.7443,8973.5956401
1991,United Kingdom,31,1037,7569.2089246000005,20929.4816759,9168.369468958064,259828.4801858,39944.392614
1991,United States,811,18626,62124.586621129,152847.4850147477,3524.7316707720183,2078557.0523583114,306958.2018022756
1992,Antigua and Barbuda,1,4,0,9.1529999,126.109,114.671,18.566
1992,Australia,1,41,0,133.11501,1955.795,492.42798,337.74701
1992,Belgium,2,79,0,0,1225.12051,997.27155,236.70115700000002
1992,Bermuda,1,3,0,49.247997,309.427,286.267,48.420002
1992,Brazil,2,20,45.371535,0,14817.707750000001,7954.5169000000005,2126.79717
1992,Canada,27,224,1182.2946094658,5876.7294335685,3512.3885000932,44283.15401523,7980.809268483999
1992,Denmark,3,42,243.368,352.26501,1349.6350300000001,3370.8248599999997,1222.172198
1992,Finland,4,59,237.342276,6.2620001,3130.9536775,8214.67029,757.283319
1992,France,16,518,6025.302266,2884.53499,11135.375176874999,149779.47443,18869.976869000002
1992,Germany,22,2452,16043.59481,0,12893.350353636364,341690.23069,28394.013109
1992,"Hong Kong, SAR China",1,5,0,0,348.91565,191.22722,48.735565
1992,Ireland,10,616,579.9309919,722.6829692,1754.6171309000001,19816.4089993,2219.016474
1992,Israel,4,18,51.93000094,45.760999999,242.211505,779.25695,147.3060041
1992,Italy,4,29,674.44669,1122.7681,22001.13085,52107.197400000005,7352.67717
1992,Japan,198,15691,38818.6540987,57244.656704,8607.015250659899,1608812.93264,94947.1031143
1992,Luxembourg,1,5,0,33.128002,929.08899,957.47498,124.74001
1992,Mexico,1,3,0,0,1019.6573,994.71094,124.5642
1992,Netherlands,9,776,2889.636239,2585.3850768,8241.35588888889,88897.7178399,5328.8748798
1992,New Zealand,1,1,0,0,206.174,318.11694,34.094051
1992,Norway,2,15,196.16899999999998,1083.632,6400.9755,9196.1221,1467.6631
1992,Panama,1,38,374.39999,340.79999,2809.0999,2085,612.10004
1992,Singapore,1,5,13.887,3.5969999,83.941002,94.959,-4.776
1992,South Korea,1,1,104.6,1622.1,15690.399,8251.2002,2466.0999
1992,Sweden,7,132,2291.699933,1612.97801,6383.496587714286,38053.763426,1859.1933943
1992,Switzerland,9,339,3019.5157019999997,2198.9941,8939.315165,65938.62665,10050.05705
1992,Taiwan,1,5,23.023859,0,489.59787,261.34415,53.833164
1992,United Kingdom,31,928,7077.2359896,19929.18091269,9888.656217456666,242981.102498001,32304.896032
1992,United States,907,19761,69480.98249668,150525.6807645779,2958.5907594665737,2076800.0745893607,315809.676551643
1993,Antigua and Barbuda,1,4,0,13.168,133.60699,121.83401,21.489
1993,Australia,3,55,56.84499597000001,2282.6759999,7581.261326666667,12719.98498,2895.4220101
1993,Belgium,3,110,333.36511,0,3238.8549000000003,7603.86943,770.717067
1993,Bermuda,1,1,0,29.209999,426.82199,352.03699,50.142002
1993,Brazil,3,22,182.666873,0,17507.538833333332,19677.6694,4180.57219
1993,Canada,28,187,1389.11094174,7018.305084026,3653.3660205666665,48333.08550399,10194.05648401
1993,China,1,1,0.43900001,0.024999999,5.3319998,0.059999999,-0.83899999
1993,Denmark,3,50,257.66,390.203,1345.2118333333333,3265.18511,1136.151771
1993,Finland,4,35,335.02367100000004,209.4740101,2869.8139025,9068.82519,1199.941133
1993,France,18,497,6849.807798,7179.115762,13953.944188888889,194394.06982,20716.498214
1993,Germany,22,2349,14145.15419,4903.3838,12474.674311363637,305857.86985,21240.520908
1993,"Hong Kong, SAR China",1,4,0,54.203434,527.76642,195.00212,51.945408
1993,Ireland,9,545,727.8380009,891.4419799,1656.8812876666666,19860.3017008,2315.669997
1993,Israel,5,14,123.4640001,85.43199809000001,432.229804,2155.470122,303.5589872
1993,Italy,5,44,474.2187500004,670.84700001,26150.04288,79742.1059,12772.268270030001
1993,Japan,199,16274,41901.20117264,56815.101688,9536.204006919192,1753237.12177,92652.11084334
1993,Luxembourg,1,4,0,29.607,1226.1541,1013.348,121.44
1993,Netherlands,9,704,2553.271172,2116.2841,7701.054565555555,83221.8362002,5137.505731
1993,New Zealand,1,5,0,25.507376,234.38841,376.34131,46.124729
1993,Norway,3,20,192.154999,1106.24298,4110.390819666666,9194.359579999998,1520.5674596000001
1993,Panama,1,36,404.40002,197.89999,2960.7002,2123,627.80005
1993,Singapore,1,3,16.936998,4.4039998,105.278,140.88,17.344999
1993,South Korea,6,465,0,0,5560.628016666667,30223.2094,2712.523049
1993,Spain,1,1,97,2619,28654,9294,4435
1993,Sweden,6,115,2203.612759,1631.24097,7130.451616666667,41355.8554,2984.41058
1993,Switzerland,11,580,3534.999558,3603.4485250000002,7842.7890800000005,71873.30046,11557.308627
1993,Taiwan,1,10,37.841377,0,567.71973,380.63748,103.23099
1993,United Kingdom,30,921,6024.2196886,16720.12993039,7592.8039326,210091.56371101,29935.2128081
1993,United States,962,21079,70457.456143531,157578.95060801512,3548.7789653954883,2265817.992173479,357297.7071401078
1994,Antigua and Barbuda,1,3,0,12.37,156.86801,142.94901,24.684999
1994,Australia,3,49,103.243999,3044.50003,9396.604266666667,17334.257,3770.45599
1994,Belgium,3,134,360.9483,129.937,3657.1655466666666,9338.1063,1358.77055
1994,Brazil,2,14,226.561478,343.5737,21050.6775,20974.2019,2480.5347300000003
1994,Canada,40,240,1528.6313033,5114.4148589946,2221.465724528205,47768.78999035,8887.36974737
1994,China,2,4,1.43500004,1.394,13.0030001,18.017,0.22199999999999998
1994,Denmark,4,57,311.70001,621.376525,1982.2602474999999,6219.7369499999995,1822.291628
1994,Finland,3,58,444.677325,713.2454497,4186.458436666667,10755.50589,1807.89048
1994,France,20,605,8439.663999,12939.541652,18305.86453,264807.85922,38239.601385
1994,Germany,23,2210,16291.59424,14105.354354,14153.488961304349,370230.83614,30240.7219025
1994,"Hong Kong, SAR China",2,10,0.3638342,44.5979979,341.019988,395.37706000000003,66.525554
1994,Ireland,8,533,765.2739899,1134.6569921,2827.828885875,25302.64019,3105.309077
1994,Israel,6,26,110.8650009,73.10300591000001,322.2834881666667,1746.9620198,266.7600015
1994,Italy,5,64,451.817,3701.13176999,27514.29138002,69986.6286999,17352.547577
1994,Japan,213,16991,48762.51413677,69943.449908,11856.953630849057,2132948.9618700002,141712.6602393
1994,Luxembourg,1,3,0,18.452999,866.00006,634.88501,81.499001
1994,Netherlands,9,687,3124.660469,3510.189832,8889.203954444445,97243.889803,7370.289722
1994,New Zealand,1,3,0,40.143188,477.9285,501.96939,75.204964
1994,Norway,3,23,216.41899899999999,1152.454396,5020.385991333334,11761.372924,2230.5957058
1994,Singapore,1,5,21.286001,6.2020001,121.19799,173.302,17.687
1994,South Korea,5,555,124.00001,1610,8876.79834,41611.69042,7287.91154
1994,Spain,2,4,136,4403,24163.5,25257,7837
1994,Sweden,6,152,2643.465704,2539.388955,8402.0511,57386.6003,6130.55444
1994,Switzerland,11,653,4086.900309,4518.9485279,9346.824769,82530.63359,13906.25334
1994,Taiwan,1,48,40.748417,0,1073.6885,582.48126,254.52829
1994,United Kingdom,32,898,6767.5771889,15929.63465287,7905.601542,223416.17039291,32644.22999932
1994,United States,1078,22196,76692.6925689482,188282.9997751735,3166.8458522850215,2525778.05615339,429874.6355882912
1995,Antigua and Barbuda,1,2,0,13.290999,183.87801,159.82201,28.355
1995,Australia,5,54,210.14225000000002,6533.43565,10754.50274,30248.00629,7583.8879501
1995,Belgium,5,158,409.2646199,140.3701298,2393.0054800000003,10699.088802,1738.6078805
1995,Brazil,2,22,249.58791300000001,422.87515,23052.953,19989.6863,2742.4935100000002
1995,Canada,45,251,1911.37524159,6497.553185307,2325.250802640909,55151.8720254,13816.630078791
1995,China,1,3,1.937,1,19.792999,11.474999,-2.1159999
1995,Denmark,3,38,351.60001,568.7255,2885.7558,6968.1955,2085.24876
1995,Finland,3,83,728.311499,1358.320611,5024.997469999999,13909.11261,2651.224203
1995,France,20,580,9664.106299000001,13804.697717000001,19723.828071,292147.2,42176.380814000004
1995,Germany,24,2275,18442.23723,15699.147903000001,15049.163778333334,409031.6811,36205.77361
1995,"Hong Kong, SAR China",1,5,0,65.856682,610.48883,284.77899,56.070248
1995,Ireland,9,576,874.1950006,1505.16699989,2708.8578916666665,28694.221033,3847.0940487999997
1995,Israel,11,31,157.24199488,84.17600619,233.36109177272726,2499.812054,271.2530025
1995,Italy,7,55,425.5530001,4251.3131031,21211.189357142855,83548.5928,21033.7223
1995,Japan,213,16788,39850.2497517,60851.92529,10122.842588679245,1885893.46236,165951.328751
1995,Luxembourg,1,3,0,23.975,621.44299,675.20898,77.094002
1995,Netherlands,11,832,3568.0750700000003,5181.776018,8474.93530918182,113933.05942599999,8886.496887
1995,New Zealand,1,6,0,45.464661,556.24139,556.21826,85.60714
1995,Norway,3,26,245.18601,1309.452657,5506.965257,14086.146191999998,3189.853674
1995,Singapore,2,5,71.920998,53.920996,426.13199000000003,1506.846,141.844993
1995,South Korea,9,638,264.302998,18503.73479,12175.810455555555,79337.7931,20881.3653
1995,Sweden,9,211,3701.868199,4115.92202,6930.806136666667,75406.87563,8109.874902
1995,Switzerland,12,635,7225.708678999999,6657.307429,11560.461884166667,125920.75020000001,19193.83794
1995,Taiwan,4,183,118.4377023,705.1218839999999,1127.426015,2672.8291799999997,1333.315283
1995,United Kingdom,32,924,7843.8586648,18162.357250600002,8475.6317198125,251629.598165,36270.259158
1995,United States,1178,22356,91757.3329910974,215751.3047192027,3105.6839061862674,2810730.7521596574,503681.3156756296
1996,Antigua and Barbuda,1,2,0,11.735,199.632,177.06,28.691999
1996,Australia,6,101,261.0809722,7445.9838893,9346.10433,33411.276100999996,7281.178769
1996,Belgium,4,144,392.7480899,152.6887701,2942.8338252500002,10166.576601,1586.9515001
1996,Bermuda,1,1,0,0,5031.5381,922.70203,437.86902
1996,Brazil,2,14,219.10646,0,25266.434500000003,22019.6001,2439.7988100000002
1996,Canada,52,299,2509.81149566,7393.71573433,2208.584727548077,66416.70328134,13058.61640083
1996,China,2,3,5.748999990000001,3.6769999,43.3535005,147.6099893,6.7950004999999996
1996,Denmark,5,79,401.1108705,632.53217636,1818.3409781999999,7364.7416465,1202.5775563
1996,Finland,4,102,1086.4959959999999,1894.37366,6063.923655,22824.28348,3330.1697
1996,France,26,747,11090.352869,15628.51047539,14992.109443076923,307920.1954011,42462.1781988
1996,Germany,25,2625,17984.11184,22039.352426,14544.2912952,395262.0066,40215.976329
1996,"Hong Kong, SAR China",3,8,0.398,35.57426749,203.3380568,586.0166302,99.7951611
1996,Ireland,9,577,1028.0059892,1335.97802888,2833.2273634444446,30739.88821,4028.0550003
1996,Israel,8,34,175.3640065,137.83400188000002,353.1912324625,2648.169956,341.58800913
1996,Italy,5,52,441.789,6435.053791,22642.442320000002,75118.0371,13355.521021
1996,Japan,223,18248,39737.60563946,66183.446267,8551.844319594595,1746679.96856,165804.6953042
1996,Luxembourg,1,10,0,31.092999,592.65796,741.138,80.096001
1996,Netherlands,12,840,3637.864714,5013.1555573,6894.227530333334,106934.69454000001,7939.651073
1996,New Zealand,1,6,0,49.386452,527.47021,542.89661,88.849899
1996,Norway,5,39,266.1240003,2946.013199,4571.48507,18571.44804,4306.269527
1996,Singapore,2,7,85.16,38.199,421.456505,1689.2369899999999,46.185999
1996,South Korea,10,909,206.60001,24137.96937,13178.562609999999,85969.5474,16817.71397
1996,Spain,2,4,205,6897,29240,31855.001,9914
1996,Sweden,12,324,5251.5820300000005,5010.1663098,6209.7893925,78298.00555,9108.670248
1996,Switzerland,13,727,8558.703,7831.709541,12499.500157692308,137155.5987,21071.313758
1996,Taiwan,5,94,140.4053299,1382.205871,1033.793344,4238.84223,1355.045676
1996,United Kingdom,37,986,8662.4033359,20956.8244031,8494.760845916668,291238.81154009997,44999.4957521
1996,United States,1308,25227,97566.618686381,247962.7751290367,3087.376008173706,3052951.8469323134,543179.735249306
1997,Antigua and Barbuda,1,4,0,21.592001,219.71201,211.855,40.375999
1997,Australia,8,78,236.6302274,6639.7410786,6456.630217125,30627.887789,4619.100826
1997,Belgium,4,181,318.37049970000004,946.3947199,2773.1815500000002,9625.543601,1449.61389
1997,Bermuda,1,1,0,0,NaN,0,0
1997,Brazil,2,10,219.87141,3296.8134099999997,24755.7995,22139.8773,3880.2758
1997,Canada,61,299,2730.0134798,8051.8537389462,2207.4217375258622,75034.35732394,15966.86579066
1997,Cayman Islands,1,2,2.516,0.97099996,0,5.4299998,-4.198
1997,China,1,2,2.4890001,2.497,20.709,12.466001,-5.4429998
1997,Denmark,6,143,478.809243,782.269679,1084.4969595,5807.1779667,1079.84248
1997,Finland,3,108,1000.658435,947.007081,6871.30117,19400.10857,3393.873699
1997,France,26,796,10376.892791,15685.178332,13893.920746192307,293265.1319808,42868.18313
1997,Germany,25,2611,17913.36224,39413.942902,18244.3836064,434734.19767,57750.3141938
1997,"Hong Kong, SAR China",3,7,0.032000002,53.68430501,230.51373666666666,671.4633200000001,134.176689
1997,Iceland,1,1,0,0,NaN,0,0
1997,Ireland,9,491,1274.5120002,1387.68898107,3300.613189111111,32536.276511,4491.549959
1997,Israel,11,33,231.47199559999999,129.41300081,297.8174610181818,3073.57101,455.88099669999997
1997,Italy,5,55,468.3216708,8002.4838696,25214.739498000003,72862.1364,18731.32231
1997,Japan,219,18324,37747.08038752,63662.84825,8650.493941876146,1672176.409888,164846.99783474
1997,Luxembourg,1,5,0,36.313,610.04901,736.875,99.762001
1997,Netherlands,14,833,3287.8872379,3828.6003319,6601.198012214286,110561.850072,9558.995526
1997,New Zealand,1,7,0,0,NaN,0,0
1997,Norway,3,20,127.00100019999999,2119.590072,5322.207153333333,13718.93919,2656.022421
1997,Singapore,2,7,81.19399999999999,50.951002,595.818495,1734.8640100000002,252.514012
1997,South Korea,9,1181,93.199997,7193.199355,9930.079322222222,46375.56863,8919.90256
1997,Spain,3,3,0,7684.02356,22156.074533333333,33076.9951,10141.96179
1997,Sweden,11,341,6112.171531,5591.1608674,14573.620148181819,81377.39714,12362.245786
1997,Switzerland,15,1123,11811.498834,8061.2890210000005,11640.57681,138933.37084,22801.181333
1997,Taiwan,11,258,309.9812079,2880.5981189999998,1256.6778709090909,6564.180303,1642.2077663999999
1997,United Kingdom,33,1099,8752.373881,22458.9724603,9337.71486815625,289455.27024832,46029.80844
1997,United States,1363,26306,111030.0679059273,272005.5191357485,3089.3446854624303,3260238.6905508926,594370.19433428
1998,Antigua and Barbuda,1,7,0,24.457001,251.713,234.73499,44.828999
1998,Australia,6,38,73.6845788,2647.04454428,3956.8447671666668,14775.1069904,4979.13303199
1998,Belgium,5,223,615.93278,1143.98305,3371.08726,15391.236799999999,2919.909941
1998,Bermuda,4,13,21.1639998,434.24100999999996,952.71825025,2268.97104,520.2519999900001
1998,Brazil,3,22,47.868999,4656.19057,15758.895663333333,19129.470102,4732.817099
1998,Canada,71,500,4583.05603058,11730.394369622,2224.635058067143,95384.2374615,18028.19180834
1998,Chile,1,1,0.41799998,5.3940001,242.43701,184.702,48.049999
1998,China,2,4,4.01200009,1.7750000099999999,33.7575,105.687996,11.220000010000001
1998,Denmark,6,178,648.411365,593.10689632,1252.4987413333333,6255.7292895,1185.289184
1998,Finland,4,218,1433.222518,1008.0090029999999,6979.69535,29365.84451,6028.165553
1998,France,26,1007,11385.115644,17843.970107999998,15035.013332692308,306206.21536000003,46571.838429
1998,Germany,30,3541,23844.8189541,55129.951595,20429.472109333332,591706.5419,75255.623807
1998,"Hong Kong, SAR China",3,12,0,41.884326,259.1930566666667,712.888821,155.035125
1998,Iceland,1,1,6.5560002,5.0840001,38.540001,12.705,-9.9989996
1998,India,1,2,2.214,17.325001,135.526,100.375,18.205999
1998,Ireland,9,689,1535.4869869,1737.6589862,3789.742720111111,37024.8111174,5272.998996
1998,Israel,15,55,215.23200092,106.60000103,215.03166882,2487.2970682,356.4989949
1998,Italy,4,81,374.9350021,8023.6929998,29086.299750000002,69556.982,18325.865099
1998,Japan,232,24516,48737.15911095,70987.284733,9334.556470225109,1838860.22228603,172957.7568682
1998,Luxembourg,2,19,53.210999,74.643,601.324985,1381.90607,123.404998
1998,Netherlands,13,1205,3723.2118601,4508.9875207,8312.076070769232,110618.79577,8388.2138849
1998,New Zealand,1,10,0,0,NaN,0,0
1998,Norway,2,18,151.696,2528.91203,9175.1311,13569.64602,2210.7839
1998,Singapore,3,33,133.859997,313.55700900000005,843.0689966666666,2067.86999,332.360999
1998,South Korea,13,2223,241.2240099,17981.940006,10795.661245384616,83853.25213,17561.93517
1998,Spain,2,12,41.506001,6472.8408,38917.5545,36879.585999999996,13029.086500000001
1998,Sweden,11,682,6455.394464999999,5913.1341244,7907.784552727273,90607.76921,11330.8799504
1998,Switzerland,15,1354,9595.713401,7853.3668167999995,12816.553413266667,155134.44952,26798.5871064
1998,Taiwan,12,677,504.3782193,2693.6872482,1575.5630025,8782.3747,2024.9979528
1998,United Kingdom,42,1301,11435.1152267,26820.86119538,16106.8018065,354328.3176709,66679.420538
1998,United States,1568,34926,129549.080590615,280806.83174591814,3643.8694053316976,3368336.6798020657,650318.855260056
1999,Antigua and Barbuda,1,16,2.369,14.632,277.85699,255.46001,58.506001
1999,Australia,9,43,95.9495623,3469.8383255,3460.014327375,19325.442686000002,6084.1256656
1999,Austria,1,65,0,0,241.31302,225.29346,1.4422593
1999,Bahamas,1,1,1.133,0.16499999,2.1399999,0.153,-3.2549999
1999,Belgium,4,237,379.33601200000004,238.0795899,2922.9419725,9603.53409,1559.984369
1999,Bermuda,4,8,82.699003,105.9360021,4389.04500025,4206.348101,840.11001
1999,Brazil,3,20,32.5750001,3548.3311,14242.667666666666,20179.6489,7043.7769
1999,Canada,86,645,4431.53760767,12588.299968649,2041.2069178905883,112555.13017912,22036.17125796
1999,Cayman Islands,1,2,5.5209999,0.80599993,12.790999,23.727999,1.127
1999,China,2,9,0.72600001,3998.2787999999996,16731.437000500002,28716.543999999998,3871.1715001000002
1999,Denmark,7,223,581.870946,831.4978226,1656.2313017142856,9484.7593689,1690.197683
1999,Finland,6,292,1963.636031,1885.1597610000001,5889.220738333333,36827.17731,8088.39318
1999,France,27,1172,11082.105253,15582.312156,17642.877222296294,320280.5895992,46351.595309000004
1999,Germany,34,3685,23186.2948854,69923.1857022,18366.420368764706,535216.2919033,62709.5587338
1999,"Hong Kong, SAR China",3,15,17.363001,52.4402689,345.31298666666663,1211.90733,238.784817
1999,Iceland,1,1,11.292999,2.8859999,80.527,16.591002,-22.052
1999,India,2,8,3.046,33.1629998,223.976005,636.61697,115.02100100000001
1999,Indonesia,1,1,0,6.8460002,366.47501,7.9820004,-3.2259998
1999,Ireland,14,716,2170.1259663,3802.11400424,5540.972308571429,66768.925789,11383.7639813
1999,Israel,12,50,412.99900021999997,164.27399483000002,420.809823,3374.139034,597.75802217
1999,Italy,7,73,329.4320197,10359.6378803,26973.847400000002,96720.7446,30732.48945
1999,Japan,239,25039,74103.45728829,143228.331352321,10595.719709567227,2135294.7512501,238795.7962151
1999,Luxembourg,2,13,62.683998,92.69500000000001,616.24451,1539.65503,184.183998
1999,Mexico,1,1,0,174.81401,3300.3569,2730.2349,606.625
1999,Netherlands,18,1279,3718.0579829,6752.2717893,7145.064697777778,116910.1614898,11892.6555752
1999,New Zealand,1,6,7.9579997,33.760998,459.21899,415.57001,71.999001
1999,Norway,4,31,215.131002,2649.2799800000003,8191.195425,18089.391050000002,3826.648142
1999,Singapore,3,60,142.80699900000002,367.62002,1105.5806599999999,2389.7119900000002,411.2529897
1999,South Africa,1,2,24.343,390.319,4016.7942,3176.208,846.87805
1999,South Korea,13,2745,119.286001,19067.140221,15714.557361538462,122422.3738,27765.719374
1999,Spain,2,5,0,8992.4146,53191.174,50666.096999999994,10354.8989
1999,Sweden,12,893,5239.3756643,3427.97224436,6584.6994125833335,74160.3288904,8687.4344333
1999,Switzerland,17,1454,11362.8404829,8030.79874,12904.758427529412,163726.46874,23947.197428
1999,Taiwan,18,1005,779.5644327,4121.65649649,1809.8901505555555,17172.20223,3969.4824626
1999,United Kingdom,42,1588,14431.7014754,27417.0731747,16418.646116560976,357039.6458882,63663.8185981
1999,United States,1561,36471,130902.3487203762,295559.7533219661,4964.398217929735,3813047.058072522,801176.618812433
2000,Antigua and Barbuda,1,11,2.671,43.209999,304.814,277.58798,62.558998
2000,Argentina,1,1,0,1173,13242,8660,3711
2000,Australia,12,35,164.1957646,4223.43295818,4976.287674975,36931.270222998,7319.0115193
2000,Austria,3,81,63.08004699999999,1053.86343,3779.8453466666665,6366.37265,867.9008480000001
2000,Bahamas,1,1,2.0740001,0.382,4.5190001,0.15800001,-3.7019999
2000,Belgium,4,280,376.857949,921.3980501,2960.1851775,10089.4474,1716.4732299999998
2000,Bermuda,7,12,358.575008,688.5379887,4242.836714285714,8028.5089,1791.769949
2000,Brazil,3,29,198.177998,4193.57001,17184.16500333333,31846.7393,12580.632002
2000,Canada,82,814,6184.38265992,13740.0804657873,3036.159942442683,144436.547845668,27020.867785720002
2000,Cayman Islands,2,2,0,0.092,158.70649899999998,120.48499699999999,9.3030005
2000,China,2,10,212.4530001,5256.464,21007.7435,39766.055,6686.5240002
2000,Denmark,7,193,630.231855998,649.250638002,938.9556214285715,5707.5437609,1146.690781
2000,Finland,8,335,2644.7364469000004,2281.32547579,5728.723554375,46313.5842296946,9624.135018
2000,France,29,1322,14384.0907809,22031.08080297,21626.682789275863,509568.7052705,79972.12447170001
2000,Germany,35,4239,24238.786331,69669.44990189999,20033.02271777143,588586.264054,86341.8322276
2000,"Hong Kong, SAR China",2,8,2.6313138,70.177637,526.25357,1373.72039,230.09354499999998
2000,Iceland,1,1,22.542,15.47,248.901,21.546,-34.845001
2000,India,1,8,10.861,10.437,253.63699,254.254,69.624001
2000,Ireland,14,682,2647.6229737999997,3738.9470210500003,6624.979923642857,76716.648479,14916.788419999999
2000,Israel,21,61,623.74100089,423.05200169,514.4866823888889,5502.772957,665.54801481
2000,Italy,6,71,229.59300050000002,10821.52943,34150.238333333335,107015.65849,34089.959878
2000,Japan,238,25496,64251.98249587,114654.88748019,8840.453728092827,1809741.12119,204162.1181658
2000,Luxembourg,2,5,85.222,115.062998,1168.4910100000002,1914.7759099999998,248.05199499999998
2000,Mexico,2,2,0,509.812,9549.38955,8533.199200000001,2553.59499
2000,Netherlands,18,1377,4253.1208783,10179.0441802,45562.13791777778,183903.96403,23458.6138447
2000,New Zealand,1,4,8.1799994,21.166,384.25897,403.71298,78.562996
2000,Norway,4,30,187.37884069999998,1940.227452,9905.368812499999,25067.06002,6702.749881
2000,Russian Federation,1,1,0,194.983,1101.332,535.71204,226.73099
2000,Singapore,3,100,182.058002,1023.6840520000001,1705.4775966666666,3376.98101,793.3429699999999
2000,South Africa,1,4,48.02,293.422,4208.0659,3795.0369,1213.015
2000,South Korea,14,2476,419.5805056,21439.955212,14533.162907857142,129395.75508,33012.904029
2000,Spain,3,9,0,12865.2811,51790.744999999995,83100.674,19224.2512
2000,Sweden,11,1051,5730.529053,4424.9683137,7659.417152727273,79002.67379,9243.570771
2000,Switzerland,19,1331,8392.4506725,10807.6757812,12910.443921578948,162823.38566,30883.710824
2000,Taiwan,19,1707,1114.5621632,8439.009695,2512.000866842105,27798.37017,9272.0381707
2000,Turkey,1,1,0,0,NaN,0,0
2000,United Kingdom,49,1663,16846.7086815,42592.15467008,17905.333582708332,488941.4259101,82764.780689
2000,United States,1658,38069,149299.017423376,360720.3984083292,5946.923123434942,4681838.497924809,945152.6920703145
2001,Antigua and Barbuda,1,15,2.513,27.825998,310.00101,253.672,45.699001
2001,Argentina,1,1,0,1296.365,13289.255,8227.7861,3269.1389
2001,Australia,16,33,140.59045004,3467.5380108597,3877.1783475,31243.9625166,8137.8456021
2001,Austria,1,7,33.834087,132.66524,3060.2041,3301.4946,202.11417
2001,Bahamas,1,1,1.48,0.34100002,4.1919999,0.36300001,-2.6789999
2001,Belgium,3,250,315.63642500000003,2561.66158,4235.185853333333,9380.2219,1354.92873
2001,Bermuda,3,14,135.183999,31.777999,1423.49297,896.296981,-38.8999999
2001,Brazil,3,33,175.684998,5118.7607809,16169.52428,29284.27143,10253.241778
2001,Canada,93,848,4369.66855526,16530.940088479,2369.4406421096774,139484.5196102925,19734.730326438
2001,Cayman Islands,1,8,14.410999,2.2950001,136.41901,45.819,6.0880003
2001,China,2,14,162.0900096,6760.4169001,22187.747500499998,38520.164002000005,6327.919
2001,Denmark,8,200,769.4933139999999,1298.75335888,1636.88353725,10934.2762673,2211.6124290000002
2001,Finland,8,435,3069.902196,3034.442883,9093.3304625,62897.96851,11299.6841
2001,France,34,1750,14087.700256,15364.236170999999,18304.078667558824,437948.595789,64079.39552407
2001,Germany,37,4685,26205.5447185,62445.3695101,20576.393748243245,584053.277031,77458.895703
2001,"Hong Kong, SAR China",4,15,78.10138,90.87267899999999,560.848272475,2187.0784099,338.1400559
2001,Iceland,1,5,44.953999,47.68,249.89999,26.099001,-47.094002
2001,India,1,6,15.188,22.328999,388.42899,340.41901,118.842
2001,Ireland,15,965,4110.447023,6682.146082,11584.454301933334,99480.764572,19765.7975769
2001,Israel,22,88,590.4390017,562.98299779,460.18990919047616,5492.512894,236.58399509999998
2001,Italy,6,57,191.64,12929.444609,34992.494999999995,108227.37349,30584.774818
2001,Japan,243,27607,65008.75993567,114223.56272418,8286.242506296296,1748006.0671030001,172716.89657946
2001,Luxembourg,2,7,100.479,103.85899500000001,946.166505,1646.83405,78.455998
2001,Netherlands,18,1386,6538.563477,9083.9423977,10838.370200000001,137716.55531989998,15615.950987
2001,New Zealand,1,4,4.2690001,5.494,94.917999,89.25,36.741001
2001,Norway,2,28,92.46900310000001,2068.91507,13180.89285,18086.532099999997,4259.30002
2001,Russian Federation,1,2,0,396.66699,1732.5469,893.24707,467.42703
2001,Singapore,5,175,207.764008,2818.6780240000003,4663.393642,20433.8395,1054.643965
2001,South Africa,1,8,35,477,6227,5399,1722
2001,South Korea,16,2568,447.50097999999997,18837.00874,13435.90152,141670.190989,29029.488429
2001,Spain,2,2,0,4544.775,32627.1025,50740.035,8078.2783
2001,Sweden,12,1105,5782.971507,3504.689677,16166.760709958333,75108.59194,6750.7335089
2001,Switzerland,20,1433,8608.701703,9514.567454,14767.834904,168304.80732,30221.459862
2001,Taiwan,23,2090,1470.2524154,5637.6737114,2155.8031132608694,26093.569326,5036.2946579
2001,United Kingdom,56,1867,17771.2577159,29022.314656932,14801.99081988,572999.521339302,85628.1702989
2001,United States,1652,40734,161809.7174423211,343763.8790134678,5808.328515949328,4765301.075489973,811350.8891776245
2002,Antigua and Barbuda,1,8,2.3239999,8.5769997,317.67401,252.53099,53.181
2002,Australia,12,42,146.715757,3077.298144863,21974.650811308333,36338.41009563,9280.9055286
2002,Austria,2,18,72.743872,696.04809,6154.0305,6957.6272,1501.39502
2002,Bahamas,1,3,1.706,0.013,4.3590002,0.35600001,-3.017
2002,Belgium,2,90,432.44016200000004,1196.5578,10648.84005,15649.716800000002,2934.7153
2002,Bermuda,4,29,170.24700900000002,30.986999,1751.31597475,1502.2279720000001,27.406995000000006
2002,Brazil,3,17,188.807999,5752.085816,13861.509166666667,26874.55579,9715.248939
2002,Canada,94,849,3512.9989259100003,16353.2992639804,2890.666316253226,150345.244149131,27624.8353092796
2002,Cayman Islands,1,8,18.965,4.2749996,145.836,70.186996,12.624001
2002,China,3,18,223.9659799,13742.8004001,34294.47533366667,67390.058001,19908.916099
2002,Denmark,7,151,1011.454678,930.13528916,2151.0242047142856,8805.914182,2041.7358914000001
2002,Finland,9,566,3732.4181613,4606.7845886,8500.425174333333,72829.64127665,13265.5584897
2002,France,34,1785,17247.037274,33693.161512059996,21147.27196117647,547397.5513333,77151.960439
2002,Germany,41,4807,28844.819454,67583.5595012,19895.87496731707,668215.091238,92546.3856795
2002,"Hong Kong, SAR China",3,12,14.94841798,77.691321,566.8505332666666,2175.2181898999997,316.32612
2002,Iceland,1,8,56.640999,15.637,213.41701,41.064999,-55.119995
2002,India,1,7,28.858999,31.815001,484.694,379.285,93.071007
2002,Ireland,16,1075,4247.534962,5221.7019749,7813.67378125,103306.465789,16167.513907
2002,Israel,23,97,595.762003,510.73699019099996,508.43108203181816,5787.2468744,864.0039760919999
2002,Italy,7,73,197.76001,17286.924874,35127.46177,129536.33539,35344.01344
2002,Japan,240,29417,72839.47475079,122549.72448914,9159.384960995832,1944208.503891,227049.5954966
2002,Luxembourg,1,15,96.714005,33.502998,1276.817,825.625,14.38
2002,Mexico,2,4,0,519.817002,9372.4656,8809.5442,2184.2500999999997
2002,Netherlands,17,1784,7381.986952,6972.1511549,11421.01827,153621.19315,7873.866102
2002,New Zealand,1,16,6.3921995,9.1214218,126.7645,115.49737,45.625401
2002,Norway,6,33,354.45857,6996.9416284,12693.134406666666,67164.865,15224.8532502
2002,Russian Federation,1,1,0,502.05399,2283.2961,1361.756,674.05103
2002,Saudi Arabia,1,7,0,1472.2183,26461.186,9078.8164,1534.3274
2002,Singapore,5,183,205.337,2283.11522,3226.658784,7902.63676,1360.458298
2002,South Africa,1,12,34.551998,764.677,6146.0059,5926.6602,1788.451
2002,South Korea,16,2764,513.7607482,20460.0267381,16038.06547375,181495.63085000002,41096.342541
2002,Spain,1,4,6.2909999,2336.0591,39910.105,38259.766,6237.5273
2002,Sweden,12,1082,4972.213165,3407.6370155,7594.023288333334,81335.23848,6819.916683
2002,Switzerland,21,1520,10238.342199,9499.0705726,12757.28428952381,185307.29244,35430.0644208
2002,Taiwan,40,1873,2171.4824662,7743.07778807,2176.3108854,57782.305825,12984.1808414
2002,Turkey,1,2,20.717913,53.862076,1299.0308,1625.3531,189.19675
2002,United Kingdom,54,2066,18602.5552444,40622.4694257,16382.565678666666,620208.7220964,92762.967702
2002,United States,1595,41600,155634.2880412748,276051.3257132651,6887.5148832775885,4590479.866052508,841392.2254639262
2003,Antigua and Barbuda,1,15,2.3500001,8.7089996,345.948,261.242,52.977997
2003,Australia,10,36,166.74708931,3842.81369572,7512.522956100001,28975.627389,6832.8729035
2003,Austria,1,22,50.440907,150.06169,3948.2622,4631.7363,284.99112
2003,Bahamas,1,2,2.51,0.0020000001,4.1230001,0.199,-3.9259999
2003,Belgium,1,79,509.45316,622.94525,12215.526,9529.5479,1361.9045
2003,Bermuda,4,31,229.409,248.22499697,2053.0753,4723.096039,241.089991
2003,Brazil,3,26,287.009995,8296.372063,22191.293386666668,37747.23706,14239.899549
2003,Canada,86,1031,3491.4695318599997,12798.6905587484,2628.7258670796473,146635.4528464995,26707.58604431
2003,Cayman Islands,1,8,19.219,1.749,169.293,88.598999,15.915
2003,Chile,1,1,0,55.084,1363.4761,691.80603,148.144
2003,China,3,10,292.79199,15206.57530002,37138.58666666667,85623.246,25185.209001
2003,Denmark,9,189,1307.0620493,4597.88837402,5678.656625555555,45413.262374,10359.77083188
2003,Finland,8,657,5254.011322,4111.797628292,11381.657081,94349.069874,13805.182888
2003,France,33,1697,18901.314624,27152.581762,22087.792939484847,514182.64932,78697.60575
2003,Germany,39,4678,33192.239086,77165.55118458,24731.188370307693,769100.485609,111267.2630415
2003,"Hong Kong, SAR China",4,17,200.98801498999998,208.1414191,1131.6652080000001,4776.572701,675.2369403
2003,Iceland,1,5,19.466,0.88200003,183.47499,46.811001,-23.544001
2003,India,1,8,45.889999,55.66,613.34802,462.702,67.423996
2003,Ireland,17,1209,4175.291949,3707.930935,7569.708623647059,111278.70952799999,17062.102793000002
2003,Israel,30,156,642.21700339,605.5720014708,395.6815649,6566.8461221,1007.70294481
2003,Italy,7,74,492.57399,14616.735727000001,29898.969591428573,121478.35583,37090.604359
2003,Japan,247,30101,87432.78747117,130110.92229299,14346.866658530364,2298237.699657,298326.9531342
2003,Luxembourg,2,21,87.200005,32.031,914.3265,1713.08606,120.797995
2003,Netherlands,16,2013,8274.992098,8625.0402229,14216.245636875,172403.8049902,16831.690808
2003,New Zealand,1,12,9.417347,6.3622966,149.56535,143.35516,58.306152
2003,Norway,6,35,325.079488,5859.961752,11556.605748333333,65292.8637,16042.3129919
2003,Russian Federation,1,1,0,839.16498,4225.3511,2546.198,1338.514
2003,Saudi Arabia,1,9,0,2435.3882,29151.037,12477.166,4702.5962
2003,Singapore,5,131,237.567998,638.218,2937.704114,16659.10801,938.016039
2003,South Africa,1,8,61.384998,1179.8931,9041.9434,8571.5049,2352.9961
2003,South Korea,17,2797,768.5136044,28324.802425,17574.632662941178,237387.885227,46351.26103004
2003,Spain,1,6,0,2822.988,47910.172,46868.398,7690.4683000000005
2003,Sweden,10,949,5782.040881,3895.135656,9976.216846,89593.20972,8201.25487
2003,Switzerland,19,1440,12020.692569,10261.0704212,16982.170588421053,206516.84303,37926.614630000004
2003,Taiwan,42,1912,2577.1241526,9313.50136615,2482.9530095,82696.621109,15722.2578537
2003,Turkey,1,2,25.502207,78.640114,1834.1807,2379.1492,291.41678
2003,United Kingdom,55,1981,20526.8427315,38285.91029204,41445.404026872726,716410.697148,125596.09297
2003,United States,1608,43368,159552.976079172,254874.6730118938,7781.34408646007,5031930.842404606,913819.9784949383
2004,Antigua and Barbuda,1,9,3.2050002,10.333,358,278.17398,48.133999
2004,Argentina,1,2,0,963.37,10390.41,6697.2148,3676.394
2004,Australia,9,34,175.4872091,5465.65246649,11858.186025666666,49486.1715,15777.53300818
2004,Austria,1,17,55.708351,260.87814,4266.4443,6288.25,626.37927
2004,Belgium,2,58,573.18873,587.72207,6884.514999999999,10823.728000000001,1721.157503
2004,Bermuda,3,39,275.3470099,46.428001009999996,2396.8469676666664,2366.621099,475.88501
2004,Brazil,5,19,417.42503,10260.824398,17766.11356,53996.16395,17978.179089
2004,Canada,82,958,3549.71909374,22839.18153380332,3755.82350392439,195566.9173163937,40548.65043509
2004,Cayman Islands,1,21,20.26,8.3540001,185.196,92.195999,15.242001
2004,China,7,28,718.39963002,20903.83825198,22711.219349666666,120141.273883,35494.77305
2004,Denmark,9,120,1443.214578,1341.9472552,7050.268845555555,52656.952431,11733.8048229
2004,Finland,7,803,5436.220438,3631.967781977,13367.483294,92245.23610529999,13013.8903651
2004,France,30,1353,25217.55707721,37158.094243,29129.763040066668,669786.9167199,110889.325901
2004,Germany,38,4757,35410.228865799996,85722.6495702,27476.81765592105,842321.77685293,126688.4178496
2004,"Hong Kong, SAR China",7,42,274.1150551,238.1330203,908.2490148428572,6138.0506921,574.9588489004
2004,Iceland,1,6,24.941999,2.6949999,288.25198,42.127003,-33.334
2004,India,3,5,80.29800605,279.496987,1666.4636566666668,5673.36067,732.738029
2004,Ireland,16,1103,4274.1230438,3972.6740425,8556.693121,121822.423782,19345.9389099
2004,Israel,34,172,1430.8809996,684.4350062196,494.1405259852941,9271.3514355,1687.99699892
2004,Italy,9,87,846.6198758,14628.668392799998,25437.47913111111,146479.5338997,46254.9043091
2004,Japan,245,30740,88476.32051315,151747.51365431,14703.77391557551,2360010.073648,306680.20054937
2004,Luxembourg,1,16,84.737,30.985998,1387.887,1171.083,114.617
2004,Mexico,2,2,0,563.7359799999999,10079.51845,10486.3638,2748.6021100000003
2004,Netherlands,17,1856,9069.4960053,10941.833527,14482.97473,191297.337391,23093.266055
2004,New Zealand,1,21,11.544132,11.984629,164.15962,171.46986,70.270523
2004,Norway,6,50,427.92009290000004,10198.628618,15165.404815,87554.20364,24665.3516828
2004,Saudi Arabia,1,6,0,1186.6656,33300.184,18267.002,7976.6841
2004,Singapore,5,110,240.032997,1292.55697,3559.563186,19142.13901,1611.6689979999999
2004,South Africa,2,10,63.605001,1822.950902,6230.41298,10606.1268,2692.1609900000003
2004,South Korea,17,3371,1052.557941,42326.1779437,21427.338140588236,332528.622189,66260.631982
2004,Spain,1,2,9.4769993,3238.2888,52721.031,56438.57,9399.4336
2004,Sweden,11,813,5881.277067999999,6349.7657715,12318.595839090909,117758.35652,19917.201502
2004,Switzerland,18,1264,13921.486178,11551.3209971,15766.93185,212252.51458,42978.83889
2004,Taiwan,46,2410,3062.3212018,18772.35709982,2868.8567432173913,117159.366043,23333.0449153
2004,United Kingdom,51,1757,21920.205594,43765.51986009,18370.588392980393,801224.179699,119898.5672008
2004,United States,1536,42747,170473.5692056954,304391.1613659852,9587.393160207797,5915197.394045132,1114758.528352424
2005,Antigua and Barbuda,1,10,3.6009998,11.979,376.93198,281.35498,44.325001
2005,Australia,10,31,250.75347049,5225.261036108,13290.943523189999,45483.8507199,14644.3992814
2005,Austria,1,12,48.37104,260.73169,4063.1675,5679.4683000000005,488.42953
2005,Bahamas,1,2,1.8319999,0,3.7189999,0.42500001,-3.102
2005,Belgium,3,62,643.73087,757.657302,4833.74667,12027.714903,1899.672179
2005,Belize,1,1,0,7,591.89996,60.700001,46.599998
2005,Bermuda,4,69,317.177,1560.9580099999998,5335.74,8288.9031,2458.460011
2005,Brazil,4,8,686.918,14696.488235,27139.068,77130.26509,26503.896721
2005,Canada,71,728,3468.74610324,24621.9696805477,5187.196716091408,195100.922544212,43233.83811045
2005,Cayman Islands,1,23,25.421,14.869999,199.655,105.552,12.325001
2005,China,5,21,618.7718189999999,9595.693089,15320.4771802,107544.136701,12484.635841
2005,Denmark,7,108,1449.953465,1114.1886499,2379.692472857143,15733.543470999999,2656.7181761
2005,Finland,7,607,4854.9819555,3278.9017850329997,11413.970507,81645.4555919,10330.4937832
2005,France,28,1054,17267.407588,35512.59293802,31975.711505814816,592827.0633328,105196.42548600001
2005,Germany,34,3932,31792.3918661,83910.1706594,29479.812341588236,768235.090592,107389.96024498
2005,"Hong Kong, SAR China",7,73,523.3816349,301.87489991,1760.77933,20929.2478078,733.3150320000001
2005,Iceland,1,11,43.747997,3.9679999,206.758,43.954998,-49.124001
2005,India,1,5,48.403,42.115002,1546.045,545.57202,61.782001
2005,Ireland,15,894,5585.5869760000005,4172.8836373,9594.769820266667,130217.66357,19612.2260599
2005,Israel,24,119,861.9669377,549.2408122969999,772.4422174666666,9483.13181403,2302.96641281
2005,Italy,7,81,659.6199575,4917.740805,34155.9136,138447.94045,44732.532425
2005,Japan,238,26856,84168.44646446,156347.33546174,17486.406529168777,2308251.2543430002,310065.20597021
2005,Luxembourg,5,19,73.738998,1599.615003,8219.835375999999,38434.39725,8140.34499
2005,Netherlands,16,1309,7643.741414,7692.875314,15101.49891625,171861.609788,20643.247523000002
2005,New Zealand,2,13,11.974639700000001,168.350342,1347.8294700000001,3419.97512,534.892417
2005,Norway,4,23,289.5111392,7805.78617,20694.33615,91756.5084,27225.432249999998
2005,Saudi Arabia,1,7,0,2025.4567,36500.426,20856.352,7774.4639
2005,Singapore,5,84,285.423008,1032.056022,1623.7056519999999,4301.16907,859.242991
2005,South Africa,1,13,34.048,1862.007,13197.69,10447.878,2743.063
2005,South Korea,18,3330,949.0429909000001,47721.79755026,22514.485156055554,347372.84354,62244.3594426
2005,Spain,1,2,74.604996,3757.467,54215.043,60447.488,10197.146
2005,Sweden,10,668,5225.335942,4949.702225,10246.909386,99083.95225,14234.986136
2005,Switzerland,19,1178,14481.216865,12178.5297869,97474.7006168421,285247.48537,90947.970201
2005,Taiwan,49,2077,3907.8937424,21711.3823114,3235.664820877551,146110.705737,21932.6938432
2005,United Kingdom,50,1494,18883.739026799998,36640.00005131,16019.7967289,608397.5083303,118367.4595475
2005,United States,1454,38459,178706.1063357554,311924.4283571401,9037.90817469166,6156387.898713232,1132198.302832785
2006,Antigua and Barbuda,1,11,2.4400001,9.2659998,396.10199,285.189,47.174999
2006,Australia,14,33,330.65156222,9842.0908629908,14717.161667935714,69363.5566403,27542.3758104
2006,Austria,1,14,59.331135,308.52188,4840.1021,7570.6528,660.55328
2006,Belgium,3,48,835.413288,915.7711401,5378.089053333333,14453.842848,2424.202898
2006,Bermuda,3,130,654.39996,2108.103,6506.3291,7952.726089999999,2216.2449
2006,Brazil,2,12,1215.23898,19376.389600000002,78158.5275,93569.004,33278.551
2006,Canada,88,735,3682.403183808,29246.09110043,5610.715940515058,239077.37585089,50936.45356044
2006,Cayman Islands,1,30,31.751001,23.367001,197.02,124.915,0.76600003
2006,China,7,28,859.5436678,11155.2243099,14435.924865,142011.86921,15801.63021
2006,Denmark,8,103,1967.73697,1815.492192,3924.200115,26756.075850999998,4793.555417
2006,Finland,9,864,5551.670071500001,3637.8147487,10650.50457888889,122710.2876791,16259.787229900001
2006,France,31,1390,21382.191348,44860.65792268,92550.48057286667,760567.6219744,166113.9770105
2006,Germany,38,4312,35498.4722102,102846.74377675,38810.98503544737,984763.6060590501,129228.5122729
2006,"Hong Kong, SAR China",6,86,488.400975,10252.5361259,12690.156183333333,59894.194200000005,20949.534434
2006,Iceland,1,10,57.107998,6.2820001,215.60901,40.510002,-77.875
2006,India,2,643,66.888885,176.558222,1378.55172,2364.361,556.53682
2006,Ireland,13,1054,4895.8922357,4983.60255272,11929.327636923077,141576.90115,21007.633455
2006,Israel,27,147,2324.2747227,707.45372941,1025.9116004148148,13090.08933579,3183.023169302
2006,Italy,7,83,570.660256,13230.096955,37966.38756,179870.08878000002,52611.369399
2006,Japan,242,33366,90219.11358886,174457.302337678,17912.429489252067,2544271.192611,345311.31515987
2006,Luxembourg,4,24,227.252,3199.509002,28949.094545,62808.94509,10460.632986
2006,Mexico,1,1,0,1371.73,29973.426,18250.197,3985.4622
2006,Netherlands,16,1688,8475.6926294,8799.166985,17042.044596249998,199024.81463,19648.090859
2006,New Zealand,1,20,14.430055,19.725725,196.45401,249.79337,68.401672
2006,Norway,6,46,446.034451,13220.6494,19600.209423333334,122583.89961,39373.07268
2006,Saudi Arabia,1,16,0,4999.376,44411.887,23014.648,9865.4736
2006,Singapore,5,96,298.045006,1540.2030113,3930.839778,23708.98794,1810.5539649999998
2006,South Africa,2,8,29.46399999,1929.6909999999998,7498.51948,9908.83121,3554.66579
2006,South Korea,17,4610,846.10701100000006,55444.4312798,28281.531699411764,401113.457499,67849.86631
2006,Spain,1,2,94.622002,7148.8154,59651.762,72689.07,11883.898
2006,Sweden,12,690,7082.6965470000005,7479.931338,12572.273050833333,138006.6472,23347.717166
2006,Switzerland,21,1575,17076.411502,15936.494662000001,109739.52298314286,359987.258668,133654.1158942
2006,Taiwan,52,2860,4698.3363995,21330.678335,3716.3856123461537,193233.30682199998,29614.4001692
2006,United Kingdom,48,1669,23953.4163761,46615.29094138,19048.53207193617,727022.0672081,126665.917627
2006,United States,1469,46215,209700.542864358,370964.79566073883,11463.397148461005,6959204.794088249,1367014.627349941
2007,Antigua and Barbuda,1,15,2.9889998,22.702,443.22098,305.36401,43.404003
2007,Australia,11,37,465.86562183,12724.404501,24807.310685727272,81917.8334201,35674.42084111
2007,Austria,1,11,62.868988,668.16571,6770.8438,9284.1416,956.19348
2007,Bahamas,1,4,2.7980001,0.018999999,4.2599998,0.41299999,-4.7800002
2007,Belgium,3,40,941.898212,1020.2109631000001,6119.19394,16507.232115,2763.7469060000003
2007,Bermuda,2,209,970.79999,113.462,5543.89795,4084.2528,353.5679901
2007,Brazil,2,13,1666.2730099999999,28374.8521,102209.66399999999,124139.723,44163.377
2007,Canada,77,713,3191.7613891299998,20117.8158567068,5027.48089718171,159692.121398463,39310.78400136
2007,Cayman Islands,1,23,34.624001,8.1230001,228.412,165.53999,30.23
2007,China,8,38,1171.1584346,40504.2154602,32931.646315,297149.993378,55765.0580509
2007,Denmark,7,127,2762.9588639999997,1466.7389647999998,3644.0005414285715,24985.224375,5094.0431610000005
2007,Finland,8,866,8681.6830753,3285.0052171,13170.01100375,138628.83641,18382.398634999998
2007,France,30,1257,28281.480405,48732.4043597,33090.10911344828,752842.472513,136295.2262672
2007,Germany,39,3860,39930.6854067,99843.128856768,42491.365168,1065167.9627343,171054.700047
2007,"Hong Kong, SAR China",6,91,508.17201309999996,433.11049781,2505.1804166833335,24401.0097999,1147.3798199999999
2007,Iceland,1,6,53.825001,3.484,156.20801,40.403,-82.056999
2007,India,4,573,154.20524398,720.662619,2465.46259,8649.6988,2240.01451
2007,Ireland,17,925,6886.731995,4022.3239401,8193.685891470588,129055.024511,18271.9048820002
2007,Israel,27,123,1223.478729201,886.633170436,1266.645900951852,15165.22377619,3783.57579675
2007,Italy,6,63,799.624919,17668.279939,49056.052306666665,191798.64459,56737.380032
2007,Japan,239,30216,111135.63216172,210299.85981356,21512.704362138076,3202651.039428,431788.84648157
2007,Luxembourg,2,33,200.562991,533.210019,7976.235,10834.364019999999,3536.263093
2007,Mexico,1,1,0,1994.98,49676.555,21679.139,4334.9312
2007,Netherlands,15,1272,8644.6532726,7885.936825,20032.241172000002,198606.62166,20410.190831
2007,New Zealand,1,12,18.937218,9.1702957,260.71356,281.32901,57.920799
2007,Norway,6,27,616.9423882,17725.740171,24654.360783333334,143254.62795,43127.06671
2007,Russian Federation,1,1,10.139001,661.72998,4675.8062,4178.644,913.07794
2007,Saudi Arabia,1,18,141.35495,8252.2451,68523.289,33748.418,13010.212
2007,Singapore,5,90,309.01299,1329.97606,5476.61242,32180.490899999997,2028.714009
2007,South Africa,2,14,98.0409999,1809.486,8815.41852,14413.02197,4155.15799
2007,South Korea,18,5014,932.121,53489.19867,28615.856928333335,441138.942396,74537.066982
2007,Spain,3,6,112.443,7729.294110999999,30777.342066666664,100071.6944,16446.73771
2007,Sweden,12,568,8554.464077,7753.8449241,15218.948466666667,158643.5006,24791.5493
2007,Switzerland,20,1466,21000.988904,20015.6384629,120914.625459,417228.10887,155009.574134
2007,Taiwan,51,2985,5117.5928575,22374.09374359,4243.542013137255,238412.44282,35375.78399787
2007,United Kingdom,43,1470,26552.749668,58927.78179591,26849.48932297619,824976.553191,156267.0306506
2007,United States,1418,40708,221513.77566139,391135.9137112076,15989.078046257147,7678651.686614281,1593937.3783520155
2008,Antigua and Barbuda,1,12,3.3280001,41.980003,372.77002,301.263,37.001003
2008,Australia,11,46,644.16260146,17033.061923497,12897.789478054545,105880.22787993,43570.8581549
2008,Austria,1,16,104.57317,620.46747,6731.7231,9337.6875,560.51221
2008,Bahamas,1,2,2.165,0.012,4.0679998,0.42699999,-4.0669999
2008,Belgium,3,26,933.2862680000001,1149.8080493,6347.160823333334,15927.32212,2299.5866605
2008,Bermuda,1,244,929.98999,73.243004,4414.1997,2950.563,388.29602
2008,Brazil,2,9,1834.44299,37948.2021,102921.0495,148688.84,45773.057
2008,Canada,73,717,3365.915305348,16385.9852349957,2932.3352691013697,151661.40782615,29142.37912986
2008,Cayman Islands,1,41,37.424,2.408,193.27299,138.825,12.634
2008,China,8,83,1525.429817,48935.0174606,38273.85231,387486.179912,41466.377416
2008,Denmark,9,102,2779.683146,13814.0698928,13335.015972222223,96950.18238099999,23228.823559
2008,Finland,8,861,8848.097871,4152.352954502,13816.440837375001,136135.116822,16191.0753336
2008,France,28,1212,25945.275022,47577.1640468,32481.86895725926,722221.4689365,122149.8977178
2008,Germany,37,3802,39905.4665467,93651.12061917,46849.65392862162,1043479.6535301,141305.6547076
2008,"Hong Kong, SAR China",6,86,473.63751299,372.336822,2114.6072473333334,21989.457499,505.919409
2008,Iceland,1,8,30.726,1.5400001,75.137001,58.094997,-47.686001
2008,India,4,422,96.83722928,662.297186,2401.263475,9052.50296,1528.380878
2008,Ireland,15,855,5948.7240247,4789.7939756,11023.672192,157605.496211,24848.77408301
2008,Israel,21,140,2830.1051807,969.95261624,2035.6156367619049,16988.27301999,4111.4767862
2008,Italy,6,79,1599.43958,21698.25428297,49307.22521333333,206935.11549,54311.446701999994
2008,Japan,237,30413,115215.34159494,207011.55746103,22033.375509101264,2986700.335214,296229.05201415
2008,Luxembourg,5,40,393.9000032,6313.291032,37922.81445,140839.8008,24669.10911
2008,Netherlands,18,1472,9411.805136,9081.89504,15966.239310555555,204947.26964,22102.099548
2008,New Zealand,1,8,16.140303,11.609502,235.88277,261.52707,68.240242
2008,Norway,3,36,427.795982,10640.59712,33209.036733333334,108090.4411,35429.67303
2008,Russian Federation,1,1,0,1847.4609,10448.334,10245.293,5168.5288
2008,Saudi Arabia,1,10,152.93597,7121.8643,72773.094,40384.465,12490.347
2008,Singapore,5,97,339.47999500000003,1337.4240103,3807.4421899999998,35332.78001,1945.5389911
2008,South Africa,2,11,91.68099600000001,1361.353899,8707.128014999998,16480.72999,4935.581880000001
2008,South Korea,17,6268,496.0820039,44915.8507979,25951.196211764705,381964.753001,53420.9417
2008,Spain,2,4,115.52801,7021.46331,35222.922399999996,86006.5031,11894.05651
2008,Sweden,12,596,8080.466936,7396.1059994,14718.467663333333,139909.52178,19257.68371
2008,Switzerland,21,1396,23557.921272,22027.197117,112262.81340571427,536932.00665,106252.635551
2008,Taiwan,52,3338,6612.7021095,18258.70581921,4083.9106779215685,250960.199436,28395.7680389
2008,United Arab Emirates,1,1,0,0,NaN,0,0
2008,United Kingdom,44,1413,22391.237818,58269.71137511,81791.48094523256,988965.235899,168009.332146
2008,United States,1340,41350,229445.085029611,406641.3550464034,14709.930974006791,7595537.163579333,1226372.44399673
2009,Australia,14,52,588.15627111,13829.446587081,8781.08258915,83706.08743235,21833.4404317
2009,Austria,1,18,114.77612,441.88806,6909.5225,6763.1831,380.19589
2009,Bahamas,1,3,3.1830001,0.0020000001,1.0899999,0.41599998,-4.8959999
2009,Belgium,5,37,537.43133,2436.769082,26512.32689,46662.0784,13403.817549
2009,Bermuda,3,325,828.17596,1152.7319029999999,10397.1393,9833.8462,1870.30587
2009,Brazil,3,13,1952.116,44481.9895,103192.00666666667,125166.5773,40216.08601
2009,Canada,68,787,2658.181826435,27960.4220731737,5574.602310484412,182035.64118857,46441.03776816
2009,Cayman Islands,1,44,33.016998,1.123,197.314,127.498,2.546
2009,China,12,105,1951.9480513,55821.2814705,30987.592515083335,368236.919536,58025.250965
2009,Denmark,8,104,2649.832893,10340.2376596,12393.0329775,80521.912851,16367.178845
2009,Finland,7,977,8940.956241,2766.59843375,12806.516585714286,99447.2242001,8212.592857
2009,France,30,1647,24857.556804,42307.0446371,32843.701613517245,643715.39993268,107044.95480599
2009,Germany,36,3687,44247.4416251,76604.557598729,46943.459022166666,1039188.4599183,102790.191911
2009,"Hong Kong, SAR China",5,59,408.65239099999997,204.6226999,3050.608434,21918.818479999998,668.161058
2009,India,5,477,186.72565016000001,582.307575,3641.96258,14667.9567,3571.9061810000003
2009,Ireland,14,945,5547.0579589,3995.5719941,11936.184482857143,138087.4429,20959.53812004
2009,Israel,26,170,1568.9877332,909.8602665939,1735.585638573077,20474.25459317,5392.13290647
2009,Italy,4,63,1722.421711,21582.152124,75468.5972675,165246.27382,45351.167875
2009,Japan,238,32570,108662.2261257,161301.16655929,22955.834884873948,2732314.890966,326446.2179564
2009,Luxembourg,5,33,402.9890053,3448.6519989,29121.219778000002,77057.55978,8025.883882
2009,Netherlands,21,1523,9412.145542,8131.9515036,15198.646803,200063.70455999998,18032.9860517
2009,New Zealand,1,6,24.980492,32.400558,336.44836,356.46494,82.910416
2009,Norway,6,40,616.367209,15503.438979,25572.24569666667,120815.97528,35885.191222
2009,Saudi Arabia,1,10,141.43213,6405.6504,79272.648,27521.207,7898.124
2009,Singapore,4,98,158.584004,325.78,3484.2474724999997,26127.7309,1143.236039
2009,South Africa,2,11,122.606,2288.28782,11803.176,19391.256,4515.2808000000005
2009,South Korea,18,7280,520.206998,42582.11513497,28242.522588777778,461495.347702,70766.779963
2009,Spain,3,5,50.449001,1978.1873,9162.2168,15193.5722,2474.16207
2009,Sweden,11,514,8674.701572,4463.3662939999995,13145.53150909091,121092.8887,10487.11778
2009,Switzerland,20,1424,24399.639068,20134.7845482,87989.1161165,357423.80333,88338.847191
2009,Taiwan,54,3755,6945.5488663999995,13042.13155502,4255.293710537037,253605.719235,27658.382565596
2009,United Kingdom,47,1522,24044.336546,60083.19488389,137633.10429931112,903709.237644,153489.5624665
2009,United States,1343,43978,202555.471978851,340114.3870941727,16882.911652586674,7086003.729565174,1158453.847550138
2010,Argentina,1,1,0,2197.9619,11731.11,11119.992,3713.5471
2010,Australia,16,72,553.261913131,14288.7754544065,9423.453756410625,98039.92378286,38452.6171587
2010,Austria,1,27,112.71259,130.15622,7554.4277,8411.8477,818.50818
2010,Belgium,4,49,565.970502,2906.4995347,33732.847275,47755.93719,14817.610978
2010,Bermuda,4,544,897.57794,1075.620982,6734.766125,11024.3861,3206.02913
2010,Brazil,4,23,2031.799725,61280.43499,116325.9985,183262.0402,62456.412299999996
2010,Canada,74,998,2486.76780984,28327.1162299317,12527.299436429577,262011.440777365,56810.500180983
2010,Cayman Islands,1,48,31.054998,2.3069999,197.634,137.789,26.810001
2010,China,16,216,3041.693353,62154.9797782,30074.566887333334,544885.700966,77757.4489392
2010,Denmark,10,192,3095.761508,7888.9450627,12642.16109200004,99561.43700399999,25825.118143
2010,Finland,8,1177,8251.7612107,3127.269475616,12472.853019375,105851.5643514,9923.9495269
2010,France,28,1966,22157.911296,42774.8781724,34592.11707662963,669542.4919899,117047.83021290001
2010,Germany,38,5238,44089.2012436,78190.8653709,107930.09641502632,1153311.8626265,177864.962049
2010,Gibraltar,1,5,0,0.092,22.816999,0,-4.7610002
2010,"Hong Kong, SAR China",6,102,482.8747611,314.18115389999997,2885.547345,27536.0598994,1044.96391899
2010,India,7,615,244.19022778,9251.47502,16159.042014285713,104681.3027,16074.06477
2010,Indonesia,1,3,0,732.00201,6021.0757,2214.3721,1096.114
2010,Ireland,17,1454,5585.769086,4355.45099171,10616.137612647059,149801.623901,26173.8180389
2010,Israel,26,215,1759.1092849030001,1028.613386321,2049.328704724,23636.61012571,6863.27804656
2010,Italy,6,90,1508.803709,20750.05068751,51019.454082,180581.81283,49310.5737316
2010,Japan,234,40862,125587.92679708,183805.308539945,26480.165490863248,3269828.546886,419597.29489083
2010,Luxembourg,5,18,474.5269988,4714.445971,29816.277004,89177.38112,10799.341121
2010,Netherlands,21,1910,9233.137292,8003.4057038,28118.945059499998,202605.20364,28048.608183
2010,New Zealand,1,10,29.952473,31.099417,394.72568,385.92987,91.37117
2010,Norway,6,60,577.145971,14915.864791,28065.01354666667,131127.84303,38589.98394
2010,Saudi Arabia,1,13,174.18745,4299.4146,84806.766,40582.184,12952.128
2010,Singapore,4,207,162.954007,766.4000096,3716.44675,31395.85098,1763.491018
2010,South Africa,2,6,120.163,2106.2390000200003,10265.87849995,16047.482001,4039.668
2010,South Korea,16,9669,10486.081612,53285.485220999995,32902.79784375,476849.12797000003,79478.45913
2010,Spain,1,1,48.564999,115.175,2506.49,1314.6,336.91
2010,Sweden,12,828,9220.759326,6840.854906,15951.12065,155456.1034,25858.000369999998
2010,Switzerland,20,1934,27643.484446,18233.7648191,95668.2995395,393803.82583,103599.96816599999
2010,Taiwan,48,4780,8598.8363869,24134.76369172,5310.325276375,339152.77112,35670.352763
2010,Thailand,1,1,0,2152.4102,11375.113,4719.2432,3399.1169
2010,Turkey,1,1,58.386398,162.05879,4758.3076,4507.8813,496.92352
2010,United Arab Emirates,1,1,0,0,0.059999999,0.025,-0.061000001
2010,United Kingdom,45,1808,23189.964596,46962.94073801,82611.11670239535,887063.48651,185759.4327557
2010,United States,1402,56167,222441.2211008652,366765.04787423776,20877.215656812336,8020277.108928479,1728115.291781145
2011,Australia,13,84,716.13144111,20143.00591185,15061.776363061539,134482.14281369,55030.5601334
2011,Austria,1,18,118.13808,314.1694,7955.4961,9212.1748,738.68756
2011,Bahamas,1,1,9.4610004,0.022,6.375,3.1139998,-9.6099997
2011,Belgium,4,60,594.86659,4261.5358513,34873.2027325,52488.7143,16511.840061
2011,Bermuda,2,688,1013.678,2131.396099,9339.87955,9453.3909,2546.97793
2011,Brazil,5,28,3128.972004,57150.85435,95892.30374,226488.4497,72045.70494
2011,Canada,91,1138,3007.7131415,30372.2366002061,10527.13999330247,264737.8678990176,54229.372694929996
2011,Cayman Islands,1,51,33.591,2.013,198.411,124.283,10.181
2011,China,16,271,6034.565019,72419.60872011,36843.99593113333,756367.199425,82351.9300692
2011,Denmark,7,271,3162.927139,1610.37704876,4856.766582857143,31541.3867,7354.743818999999
2011,Finland,8,1182,7775.3566368,2102.780733807,11258.55809075,100464.5755283,7510.056495
2011,France,29,1632,22974.141778,54663.2086761,36997.6122757931,753776.8679689,128023.374396
2011,Germany,39,5067,46224.1135185,57155.37263915,39993.37558489744,1120259.9611531,161482.7187851
2011,Gibraltar,1,8,0,0.021000002,7.5190001,0,-2.2509999
2011,"Hong Kong, SAR China",6,103,635.814991,20274.1709892,28951.35753166667,119811.62088999999,41861.689929
2011,India,4,655,271.332776,815.048,4949.4841,17705.3871,4359.15633
2011,Ireland,20,1593,6133.6199821,5582.233045101,9931.0637186,170136.849624,29295.405089
2011,Israel,34,189,2025.25299431,1411.735016641,2031.943952271875,27167.07953761,7376.3587951295
2011,Italy,5,106,1367.089703,20038.6405338,62241.752358,198835.79932000002,49911.713407
2011,Japan,233,41490,129563.22240831,197699.07008314,27681.00481351502,3205988.3759480002,375542.87124551
2011,Luxembourg,7,29,464.567,7319.548011,23674.175514285715,114772.06947,15513.815929
2011,Netherlands,18,1889,10130.470398,9975.362008,16264.421594444444,206721.23995000002,29451.652662
2011,New Zealand,1,8,34.401569,53.182823,468.69479,423.33234,94.514191
2011,Norway,6,38,599.165927,19224.761784000002,32509.19773666667,154902.15164,49604.6307
2011,Saudi Arabia,1,12,218.51392,2836.7761,88708.438,50620.207,16168.149
2011,Singapore,4,291,263.431001,782.0180202,3566.9945225,32155.58211,1624.658994
2011,South Africa,1,9,148.89799,3039.386,26341.637,21081.955,5567.543
2011,South Korea,18,10017,16967.2712995,51811.238553,32607.366771111112,462079.381596,71303.111796
2011,Spain,1,4,99.502998,177.99001,7534.3525,2329.449,578.99603
2011,Sweden,13,977,9539.9383869,7916.62190001,15350.469746076922,167350.3288999,27235.678459900002
2011,Switzerland,22,1903,27075.248383,21913.79948089,143043.6702059091,425699.86143,120179.7627221
2011,Taiwan,52,4956,9162.4279685,23550.66214791,5612.8724482692305,348283.99248200003,30599.0928584
2011,Turkey,1,2,34.339214,190.37938,4870.5967,4467.873,458.522
2011,United Kingdom,48,1836,24538.252371,61438.62442599,80219.47234985106,1065220.043078,216878.4224002
2011,United States,1422,57159,239288.13980479699,465271.4500740164,20462.054091303977,9111153.500992937,1875992.3574152363
2012,Australia,14,89,727.39985496,25871.513033328,64185.70146912143,168555.75799682,60698.9313725
2012,Austria,1,31,145.01299,411.30954,9170.0938,9946.5723,570.82385
2012,Bahamas,1,1,8.573,0.003,1.7539999,3.073,-7.5850005
2012,Belgium,5,55,769.70047,4403.9320924,29780.3158182,58886.036994,17616.5284613
2012,Bermuda,2,785,1057.4449,1586.813905,8958.893100000001,10158.203099999999,2423.43591
2012,Brazil,4,27,2694.318001,57516.599,122899.41985,213293.39990000002,43363.53796
2012,Canada,102,1358,3312.672413361,57487.3476932104,16623.58790462245,396061.211023021,83222.93070355999
2012,Cayman Islands,1,83,34.310001,2.151,171.326,97.666,-11.192
2012,China,16,489,6840.918990300001,78588.8268276,39089.1373429975,845908.3030757,85394.1263989
2012,Colombia,1,1,0,8816.6807,64911.359,39245.641,16643.699
2012,Denmark,7,308,3428.01097,1321.677095,4854.113733714285,35838.327790999996,8576.731188
2012,Finland,10,1487,6897.7103426,2967.2441803799998,11489.2747203,116974.2457567,7104.077351
2012,France,28,1607,23546.656585,57463.3395974,37916.1577025,770656.8406873,120740.38020300001
2012,Germany,35,5622,50568.5322,66252.935550293,47955.05624701428,1232009.8462134,160837.929596
2012,Gibraltar,1,12,0,0,12.047,0,-5.6240001
2012,Greece,1,5,21.236,10.828,537.02301,270.34399,8.5889997
2012,"Hong Kong, SAR China",6,189,831.996987,20358.2199749,32065.333645000002,130206.09901,42504.159999300005
2012,India,5,790,338.848791,831.39193,4424.14486,19349.8149,4556.16368
2012,Ireland,18,2003,6714.429089,5490.34689782,11506.172011111112,169130.51719,29722.5809409
2012,Israel,43,227,2373.176864699,1409.2743140291,1712.3130534876923,29548.01407885,8093.03943822
2012,Italy,6,145,1986.678151,20006.2029543,50765.67981,228610.31463,51405.125843
2012,Japan,228,45754,111564.32781726,192441.2502094,26335.551325986842,2844299.577532,330070.02788718
2012,Luxembourg,6,37,487.9330032,7301.0370299999995,25750.35765,112543.00278,11623.52391
2012,Mexico,1,2,0,431.75098,36932.156,15199.289,2652.3701
2012,Netherlands,19,2142,10737.802103,12207.30009001,15831.1032309,225818.48069,30953.226267
2012,New Zealand,1,15,38.222443,48.945126,517.15417,465.03134,116.32179
2012,Norway,5,42,642.780054,22131.390335,36156.9215,155760.62487,49099.824669999995
2012,Saudi Arabia,1,19,371.20407,2896.1663,90246.094,50405.16,14492.391
2012,Singapore,4,322,154.803001,888.2470293,3477.431525,26253.83211,1542.5069680000001
2012,South Africa,1,12,153.761,3560.979,24923.914,20727.34,5507.4009
2012,South Korea,17,10418,17675.934194,61086.007365,40953.60633529412,559407.44179,91704.60571
2012,Spain,4,11,1685.7561,18842.83219,72575.2403,188840.58409999998,37785.2892
2012,Sweden,14,1292,10531.9083172,9196.944715,15973.945242857144,199323.0137001,27494.7774704
2012,Switzerland,21,1990,29123.047662,22751.6940862,92146.13023333333,396700.0628,95928.326156
2012,Taiwan,50,6114,10237.049146,21733.17479463,6173.1939772,370627.802716,35606.94768743
2012,Thailand,1,1,0,2805.793,19637.02,6840.2397,4672.5269
2012,Turkey,1,1,40.900623,265.89215,5730.8125,5914.9868,551.43787
2012,United Kingdom,50,2056,26072.6474309,78982.363992797,122780.152690142,1120548.1669799,187697.8272069
2012,United States,1485,63891,258009.0924102521,483905.3621925875,18768.985420488505,9033443.736699551,1874221.445779765
2013,Australia,14,132,758.8398362,31446.953293934,17608.707819642786,130857.7177898,46674.3125543
2013,Austria,1,37,150.17702,364.27579,10616.149,11223.556,696.70374
2013,Bahamas,1,1,6.2750001,0.0069999998,0.96600002,3.359,-4.8759999
2013,Belgium,5,43,807.370909,5106.788323,33986.8139944,59895.507921,18349.4463417
2013,Bermuda,3,912,1202.324999,1293.677,6766.7294,11688.4123,2468.96188
2013,Brazil,3,22,1945.856007,57452.03801,151733.99333333335,190686.668,46335.38698
2013,Canada,104,1820,2903.05892581,33419.05383642927,23655.20129489902,300577.340875253,79652.06770851
2013,Cayman Islands,1,53,27.017,0.74299997,137.41899,73.784996,-17.018
2013,China,13,686,6930.822389,94040.75790247,61306.32217307693,954263.068971,106752.9197304
2013,Denmark,8,338,3692.6580581,7675.924432000001,13652.96570625,86322.1360095,21483.1693566
2013,Finland,9,1530,4169.576613,2729.08633701,12107.437744444445,95465.001101,8645.97608
2013,France,30,1851,24720.402143,63671.30530513,37500.2062881,798898.1739111,121010.617952
2013,Germany,36,6103,55940.0795724,72434.960844293,49832.08635006389,1288227.5286823001,172237.8364761
2013,Gibraltar,1,6,0,0.02,14.138,0,-3.1589999
2013,"Hong Kong, SAR China",5,163,1070.460989,23736.025987,43605.3096,149427.6403,42127.588008
2013,India,4,965,379.634935,853.093745,5543.086125,19072.284200000002,4631.5156799999995
2013,Indonesia,1,1,0,764.43799,4521.481,1956.1831,850.32397
2013,Ireland,20,2382,7053.3129867,5739.884923,11597.708846,195974.898171,31170.029712
2013,Israel,42,253,2502.1639874,1379.33900079093,1541.2446380666668,30151.61243248,7635.5947734
2013,Italy,8,173,2688.379262,19795.4960836,40279.317562,222811.199532,42218.937843
2013,Japan,220,45856,104133.8950804,187232.727969397,26931.603434154546,2838474.110489,358393.93987507
2013,Jersey,1,4,34.797001,3.6269999,188.911,10.358999,-63.242996
2013,Luxembourg,6,36,513.8439999999999,5150.644041,23757.30635,100951.7331,10334.539091
2013,Netherlands,18,2355,11235.185328,11208.415015,18053.14379611111,234561.7534098,30632.257732
2013,New Zealand,1,13,46.979328,23.690958,546.89624,540.92865,150.44214
2013,Norway,5,54,661.806305,20710.040006,36826.879022,129025.7694,37258.598470000004
2013,Saudi Arabia,1,15,439.82755,3173.7068,90409.359,50403.125,15163.215
2013,Singapore,4,314,136.397999,1036.265999,3994.5049774999998,28387.40899,1469.385004
2013,South Africa,1,12,137.552,3260.2559,25252.785,18347.25,5697.8311
2013,South Korea,19,11344,21923.2167039,61200.288372999996,40496.6921788421,599925.27807,104700.5282618
2013,Spain,3,19,1611.138,16546.4579,66818.98026666667,108765.54599999999,28593.612
2013,Sweden,15,1647,10935.7861091,8821.515917300001,14807.645366666666,179724.72246,25810.030098
2013,Switzerland,22,2202,29302.319371,23918.0762862,76735.25344181817,409963.49112,97657.958492
2013,Taiwan,48,6367,10264.0129688,20112.772253088002,6659.6623365,359262.632586,39586.996875
2013,Thailand,1,1,0,2633.4089,21572.389,7322.5713,5229.7813
2013,Turkey,1,7,38.712128,238.10283,5308.9385,5163.2197,524.44702
2013,United Kingdom,52,2193,26793.8736224,82340.024598401,155261.27880249018,1216117.8610565,215345.6237461
2013,United States,1542,71629,269264.0560396469,516406.8675082367,18480.23544994301,9146591.312297242,1957013.280208265
2014,Argentina,1,1,0,41.050003,723.02502,503.995,138.97701
2014,Australia,16,140,799.4464266,23868.466546372998,14731.9114649375,120685.66789293,45337.0076814
2014,Austria,1,14,156.38869,447.37897,10108.842,10081.465,724.66907
2014,Bahamas,1,1,4.7620001,0.0039999997,1.423,2.95,-4.7180004
2014,Belgium,5,53,754.002449,5649.9587,33425.521798,62481.776006,19531.415821990002
2014,Bermuda,4,1082,1217.142902,1946.9218990000002,16388.421449999998,19297.0491,3646.97791
2014,Brazil,5,22,1933.5500162,49013.84157,89312.0475,207039.6118,39951.79596
2014,Canada,103,1854,2418.466881427,40266.52816637966,20900.31026976427,339195.4305583515,82884.22404642
2014,Cayman Islands,1,26,21.885,1.0039999,116.738,63.591,-11.264
2014,China,14,1180,8547.90491,76543.24243320001,54380.21142142857,886144.8872979999,93778.2401006
2014,Colombia,1,3,0,6672.8584,60498.141,29327.732,9662.5264
2014,Denmark,9,404,3606.805241,2229.5418080101,6496.141190111111,45203.581801,11642.63098
2014,Finland,8,1638,3514.401151,2016.6459710000001,8790.0426375,67097.0293,6069.246916
2014,France,28,2060,17527.687482,52434.42381949,35982.797691821426,665102.9471523,100218.3951778
2014,Germany,36,6399,53094.3518194,68793.766998,106322.64167566667,1231894.834753,180924.9204355
2014,Gibraltar,1,3,0,0.017999999,12.651,0.027000001,-5.072
2014,"Hong Kong, SAR China",5,267,1591.354887,28405.68298,48719.44544,156856.579,40905.2559
2014,India,4,1076,422.144409,785.477303,6260.03075,20522.9996,4960.47689
2014,Indonesia,1,2,0,518.42999,4292.3398,1941.259,810.77606
2014,Ireland,22,2381,9239.7800197,5162.171987502,16001.711645,196705.673204,36463.752322
2014,Israel,46,269,2750.487277904,1408.6130285619,1439.2192957391305,32260.664269138,8497.19730621
2014,Italy,6,120,2584.467732,16857.8333742,47585.20763833333,178625.09985,33500.627365
2014,Japan,226,47171,94478.65467349,158295.63301572,24742.93474993363,2444378.231721,339207.08952712
2014,Jersey,1,4,40.381001,2.319,117.876,15.49,-76.326996
2014,Luxembourg,7,55,519.979001,6425.3670250000005,20668.484031428572,103606.56792,12839.63611
2014,Malaysia,1,1,1.059,1.609,137.74699,58.000999,6.191
2014,Netherlands,21,2351,10477.556465,9782.594129,71185.12633285715,230442.78416009998,35752.935357
2014,New Zealand,1,17,48.725479,29.444324,502.20978,504.10822,151.25241
2014,Norway,4,68,501.96892699999995,17609.997883,38292.11912,93607.15195,25065.02908
2014,Russian Federation,1,1,0,1314.843,10784.097,7274.5244,3107.45
2014,Saudi Arabia,1,35,496.69778,4126.9536,90596.672,50121.23,14047.101
2014,Singapore,4,263,147.744002,938.957,3854.5229974999997,28418.65102,1609.680992
2014,South Africa,2,11,140.47199999999998,3666.416,13865.60745,19632.89803,5719.6562
2014,South Korea,19,12961,22452.183319,56962.598148000005,42466.02926105263,569780.36422,97667.625861
2014,Spain,4,28,1668.429,16215.42979,70479.986,152829.1859,27171.2882
2014,Sweden,13,2050,9772.9565197,7243.13177299,15181.005576869231,149984.2688002,21575.40843
2014,Switzerland,22,2226,27563.87970947,19366.02875415,24207.9150619,334860.1123256,77253.4756197
2014,Taiwan,49,6349,10957.6034063,19623.47556822,6756.685567979592,358498.537972,45462.1945868
2014,Turkey,1,12,43.667843,193.90355,5303.6416,5354.5723,548.61627
2014,United Kingdom,50,2348,25843.2061083,74296.8855429,114186.20132746939,1084821.37671699,200149.003325
2014,United States,1492,78020,291022.515960148,565114.1137720159,21207.824378213758,9560885.713158447,1982956.8279968179
2015,Argentina,2,3,20.790001,4941.549702,14248.834505,12347.91901,3306.659794
2015,Australia,16,118,684.96140604,5066.94582387,5097.8324160625,53212.3932582,11665.5333301
2015,Austria,1,10,124.2359,365.18182,10058.312,8363.2148,1140.8473
2015,Belgium,5,70,720.189656,5889.000897,33074.554214,57897.268997,18046.116731000002
2015,Bermuda,3,975,1096.6100019,1003.300968,5415.788933333333,7823.4649,1384.95999
2015,Brazil,5,40,1193.261002,31985.59201,70652.21124,143339.4361,23192.92699
2015,Canada,100,1477,2690.257193241,26906.6612089507,20695.2082275666,260901.878131905,62660.183131658
2015,Cayman Islands,1,21,18.493,0.72399998,96.208,54.841,-12.671
2015,China,12,1172,9578.810959,57416.68112002,65302.9326925,655163.2764,78614.77908899999
2015,Colombia,1,1,0,4494.8691,39288.688,16641.197,5010.1147
2015,Denmark,9,352,4068.432936,2116.7820460000003,6186.359844444444,48591.9512005,13299.186493
2015,Finland,8,1679,2795.056862,2678.870151,9827.0947625,66527.7536,8603.4266
2015,France,28,1985,18409.526828,52405.431688,32940.53561925,578859.5591925,92974.3358921
2015,Germany,35,6388,51201.4406806,65322.86110973,49483.16783017143,1146489.7736334,150231.87028930002
2015,Gibraltar,1,9,0,0,15.166,0,-3.4679999
2015,"Hong Kong, SAR China",5,470,1898.9210229999999,27563.229040000002,50752.029684,155720.494,40379.620038999994
2015,India,6,1133,1019.763045,10771.455316,26366.791516666668,104126.2397,15458.55854
2015,Indonesia,1,2,0,532.39655,4014.8845,1940.3396,833.69006
2015,Ireland,22,2353,11052.3131362,5366.291018201,19494.04714,196570.0766341,41653.058228
2015,Israel,47,265,2971.666986804,1782.6290654939999,1797.4483411893616,37486.39930402,10068.97749261
2015,Italy,8,110,1148.9018891,17887.3131824,31690.255781249998,123574.46786,20277.6707092
2015,Japan,228,45379,101106.00587713,186772.31804918,28217.065079241227,2683225.452043,380784.27895512
2015,Jersey,1,4,43.748001,10.271,307.336,33.086998,-101.09299
2015,Luxembourg,5,66,448.129999,4552.5200139,20456.179156,78503.04208,2554.942
2015,Netherlands,21,2157,10431.526841,9204.144799,15351.12119,213553.219661,31368.634170999998
2015,New Zealand,2,29,51.576385189999996,221.343387,2802.515985,6423.28227,727.5945899999999
2015,Norway,5,68,406.944146,16278.185715,28038.664018,76317.58806,13740.8698
2015,Russian Federation,1,2,0,1048.093,8931.6768,5894.9409,2388.9419
2015,Saudi Arabia,1,37,601.3833,4869.7256,87444.43,39453.129,11784.331
2015,Singapore,4,285,220.245995,764.969000007,3895.2261974999997,26393.366112,1393.3110120000001
2015,South Africa,1,14,46.604,3707.4512,26644.627,15254.509,4907.7798
2015,South Korea,18,14073,21001.584541,65059.092684999996,54446.37943444445,526480.37222,103117.51716
2015,Spain,4,25,1440.112885,16288.05199,256742.25875,139906.882,33109.22893
2015,Sweden,13,2029,9028.2134678,7261.65262901,13799.500884615385,148569.3144,21910.3546502
2015,Switzerland,21,2089,26673.90419574,18348.186077122,24504.526741833335,312539.12002191,73029.5697697
2015,Taiwan,48,6271,11253.0757732,18962.64401381,6449.9368824583335,349780.0808001,43938.1099109
2015,Turkey,1,20,42.896912,219.42712,4706.6963,4853.1855,491.12961
2015,United Kingdom,52,2117,25332.6467869,64641.316571994,102816.69686751923,914321.3022001,182695.0677041
2015,United States,1417,73341,304852.754346704,517397.825878763,19425.107912791496,8706383.69849471,1820479.9817300525
2016,Australia,14,93,809.5167018999999,12614.1082494381,63628.15904514286,74759.38402803,40947.462148601
2016,Austria,1,7,120.6163,351.48758,10480.292,7616.2246,1355.6443
2016,Bahamas,1,1,6.7979999,0.0020000001,2.0569999,0.28400001,-12.867001
2016,Belgium,6,50,817.981885,6032.38681,48066.45447,60230.98142,18686.7570142
2016,Bermuda,3,646,865.58001096,446.465022,4631.988333333334,5363.11304,1022.34097
2016,Brazil,6,35,622.7108156,22226.841815,64617.60491666666,133727.6038,39165.50269
2016,Canada,85,1140,2562.023258998,24459.4610745896,5124.084702569577,200849.9999415261,47988.46375712
2016,Cayman Islands,1,15,15.645,0.67299998,90.689003,56.561001,-4.7599998
2016,China,12,1983,11933.184528,63964.149639999996,75682.72275833333,668843.5686,101741.091195
2016,Denmark,8,355,3418.3838140000003,2348.84187099,6932.2283,47562.4268001,13540.399916999999
2016,Finland,8,1611,5649.759107,2401.8653334,12818.8353625,75206.19559999999,8981.861457
2016,France,28,1849,18601.230262,45643.760703194,34040.20913521429,559557.0197779,92950.6218839
2016,Germany,34,6165,50322.0356303,63566.04318914,53411.23515079412,1127903.013798,161156.2412432
2016,Gibraltar,1,13,0,0,15.316,0,-4.1150002
2016,"Hong Kong, SAR China",5,538,1843.273989,28010.36001,51067.16202,153881.2299,40191.70201
2016,India,5,1265,643.540061,13069.334452,27866.249920000002,73356.0452,12245.00528
2016,Indonesia,1,1,0,534.9563,3773.3711,2166.1531,957.99359
2016,Ireland,17,2296,10001.858898,5029.25700029,24171.407189117646,176640.92798,35966.49192901
2016,Israel,48,279,3949.4219996,2662.4309553681,2872.92052024375,35550.53388917,9932.43207551
2016,Italy,6,90,958.582892,15487.7313043,37933.86617666667,100367.52416,21704.008364999998
2016,Japan,215,42579,94615.20634135,170144.92877584998,30450.527075934882,2498127.95865,362711.51101826
2016,Jersey,1,1,41.466999,17.664,282.08099,82.888,-103.984
2016,Luxembourg,5,68,424.47499700000003,3619.253008,20407.9532,68149.75839,7793.98699
2016,Netherlands,19,2242,10558.26646,8228.9035971,16028.262141578947,198258.64989,23890.3207726
2016,New Zealand,1,22,60.112259,33.46117,613.83057,625.16718,195.1389
2016,Norway,4,95,382.160937,14148.465442,30544.52388,58289.16755,12543.84686
2016,Saudi Arabia,1,49,532.22052,3490.9585,84458.75,35401.145,11488.738
2016,Singapore,4,172,203.86899,732.6100104010001,3954.4919674999996,25737.860965,1452.710901
2016,South Africa,1,14,0,4763.7642,26443.369,11704.646,3273.3921
2016,South Korea,21,15336,24618.5335089,51943.529894290004,48812.909847523806,519309.639835,102921.7870783
2016,Spain,5,34,1241.565979,15872.77666,52631.3712,134385.1729,27859.71518
2016,Sweden,15,2142,8249.1638388,7216.54165199,12756.064606673333,153938.1183,20965.8686801
2016,Switzerland,19,2075,28295.324370000002,19138.4466733,75538.74362578947,339290.32679,83539.784389
2016,Taiwan,45,6337,11687.0778199,23321.165397329998,7455.475148688889,348070.543438,45566.8963067
2016,Turkey,1,21,43.631874,236.10065,4804.4292,4573.3774,469.93567
2016,United Kingdom,46,2013,23720.563737,55641.16257909,110621.09891256521,809252.3907928,160926.9862179
2016,United States,1340,73659,322757.7064089637,493619.4851429576,22254.889375892362,8781487.669742232,1805181.371402998
2017,Australia,8,44,860.911651,2038.515525685,5076.9308330125,25479.93360469,5185.943704
2017,Austria,1,1,166.15236,544.1994,11282.022,9083.7822,1398.0083
2017,Belgium,5,20,910.465251,5734.3650101,55608.23776,72265.84901,23989.14801
2017,Bermuda,3,165,765.512974,1667.0699789999999,7067.569166666666,6853.7871,1882.9069800000002
2017,Brazil,2,11,49.200001,4068.70001,55560.095499999996,39806.2998,15463.29999
2017,Canada,62,339,2248.55707432,26949.4804236346,23461.923434004926,244831.9771389881,63203.1859626415
2017,Cayman Islands,2,2,173.88699,2.4060001,220.98093307,15.386001,-258.53439383
2017,China,12,930,16455.113078,66119.91613,83995.63721666667,854873.4635000001,120037.42967
2017,Denmark,7,132,3834.4289209999997,2244.455683,6371.791515714286,44569.7189001,13593.78948
2017,Finland,7,532,6406.36963,2411.717638,13534.246142857142,76019.0488,9880.775048
2017,France,22,634,18648.920271,40810.063987,44213.19640909091,581739.5047,100861.7372
2017,Germany,31,2209,59629.5894416,78313.6881528,67277.0978377742,1333496.9518964,192376.5272553
2017,Gibraltar,1,5,0,0,17.881001,0,-3.4189999
2017,"Hong Kong, SAR China",5,167,1811.26201,30690.296031,54546.627638000005,168988.45838999999,46191.766970000004
2017,India,4,453,443.230987,788.59,7385.165925,23282.1005,5283.81035
2017,Indonesia,1,1,0,430.62701,3741.2292,2209.99,948.01569
2017,Ireland,17,844,10776.1639469,4870.359000259,21804.738958811766,167904.801241,37510.500946
2017,Israel,27,84,4847.071022401,1338.3860123093,3334.2291034962964,33266.67087505,8327.1245286
2017,Italy,6,35,1184.299467,17839.0577968,41048.978540000004,129848.7356,28463.866274
2017,Japan,201,14477,105027.92555882,179436.82872725,32607.03771256219,2719649.241191,411992.524399395
2017,Luxembourg,4,28,398.435993,3132.293015,24040.553575,77900.5929,9077.829007
2017,Mexico,1,5,0,157.06842,2689.6431,1991.3738,406.11798
2017,Netherlands,20,944,10987.038424,8417.3735049,16263.0896655,205422.2662499,28829.892652
2017,New Zealand,1,12,68.542023,60.21854,741.94745,709.88397,227.55661
2017,Norway,5,38,464.863992,13425.510779,30075.66464,87496.46203,27283.08486
2017,Saudi Arabia,1,19,301.3616,2958.9958,85979.219,39933.461,11952.563
2017,Singapore,4,28,269.843004,606.69100901,3795.6114749999997,26323.771017000003,1121.47699
2017,South Africa,1,6,80.237999,4604.3149,30470.805,13168.379,3663.7009
2017,South Korea,18,5552,30882.818983,81725.936799,53731.94449944444,640474.80396,140419.88124
2017,Spain,3,16,1461.056978,13877.6051,74473.58899999999,120458.125,26376.0671
2017,Sweden,13,724,10185.6003606,7013.93936002,16002.53301675,153661.02060000002,20153.0756298
2017,Switzerland,19,639,28684.537648,18719.649666,77776.16970526316,357825.99549,87715.29688
2017,Taiwan,41,2137,14400.69980381,23162.96984779,9084.378085609756,391361.5742697,47117.7128062
2017,Turkey,2,12,85.86042,1373.2847,6534.031000000001,10273.1655,2161.5260399999997
2017,United Kingdom,36,736,25533.266201,54310.28917599,75752.07544805556,807644.67946,148859.514267
2017,United States,928,25862,339635.840950695,457447.7377311101,25263.08891469287,7953388.746773812,1637189.31136969
